日付,11/20,11/21,11/22,11/22,11/23,11/24,11/25,11/26,11/27,11/28,11/29,12/1,12/2,12/3,12/5,12/6,12/7,12/9,12/11,12/12,12/13,12/14,12/14,12/15,12/15,12/15,12/16,12/16,12/16,12/16,12/17,12/17,12/17,12/17,12/18,12/18,12/18,12/18,12/18,12/18,12/18,12/19,12/19,12/19,12/19,12/20,12/20,12/20,12/20,12/20,12/20,12/20,12/20,12/20,12/21,12/21,12/22,12/22,12/22,12/22,12/22,12/22,12/22,12/23,12/23,12/24,12/25,12/25,12/25,12/25,12/25,12/25,12/27,12/28,12/29,1/7,1/8,1/9,1/10,1/10,1/11,1/19,1/20,1/22
配信者,全オプチャ,,,,,,,,,,,,,,,,,,CLのみ,CLのみ,全オプチャ,CLのみ,CLのみ,CLのみ,CLのみ,CLのみ,CLのみ,CLのみ,CLのみ,CLのみ,CLのみ,CLのみ,CLのみ,CLのみ,CLのみ,CLのみ,CLのみ,CLのみ,CLのみ,CLのみ,CLのみ,CLのみ,CLのみ,CLのみ,CLのみ,CLのみ,CLのみ,CLのみ,CLのみ,CLのみ,CLのみ,CLのみ,CLのみ,CLのみ,CLのみ,全オプチャ,CLのみ,CLのみ,CLのみ,CLのみ,CLのみ,CLのみ,CLのみ,CLのみ,CLのみ,CLのみ,CLのみ,CLのみ,CLのみ,CLのみ,CLのみ,CLのみ,CLのみ,CLのみ,CLのみ,CLのみ,CLのみ,CLのみ,CLのみ,CLのみ,CLのみ,全オプチャ,全オプチャ,CLのみ
投稿内容,"実は今....「わどブートキャンプ」というX強化モニター企画を密かに始めてます！
始まって2日で50人フォロワーが増えたり、万バズ投稿まで出てきています！
12月に開催する5日間の実践型プログラムは、このモニター企画の強化版なんです！
実戦プログラムで公開予定の業界を揺るがす最新AI×〇〇ツールの試験テストもする予定なので
気になる方はリアクションで教えてください✨

反応が多ければオプチャ限定でその裏側や成功のノウハウの一部を
お届けしていくので楽しみにしていてください😊","【わどブートキャンプ】Day0 オリエンテーション速報

先日、ついに「わどブートキャンプ」が開幕しました。

正直、予想外だったんです。
この熱量。

初日のオリエンテーションが終わった後、通知が鳴り止まなくて。
「わどさん、めちゃくちゃ本気ですね」
「参加者さんたちの顔つき、変わってましたよね」
って、みんな興奮してました（笑）。

わどさんが参加者に投げかけたのは、こんな言葉でした。

「目標は『達成できそうか』で決めるな。『達成したいこと』で決めろ」

この瞬間。
Zoom越しでも分かったんです。空気が変わったのが。

わどさんが魂込めて作った管理シート。
それに向き合って、参加者のみなさん、深夜まで自分の「欲」と戦ってくれていました。

実際にチャットに届いた声が、これです。

> 「今日、具体的に目標を書いたことで、どう行動すれば進めるか自分なりにロードマップが引けた感じがします!」

> 「現実的にどうかは考えない。手が届く目標より、叶うかわからないくらいでいい!」

運営として、今回の企画に関わって分かったこと。

ここは単なるノウハウ共有の場じゃないんです。

参加者全員が「私にもできるんだ」っていう確信を手に入れる。
そういう場所なんだって。

この1ヶ月で、みんながどう化けるか。

チーム一同、めちゃくちゃワクワクしてます！

#わどブートキャンプ","たった2日で、50人。
画像見てもらえれば分かるんですけど。
フォロワー100人だった人が、
2日で150人になってる。
50人増加。

ちなみに、個別相談に来る人で独学でやってきた人は
「100人増やすのに1年とかかかってます」
なんて話はざらにあります。

なぜ、2日で50人もフォロワーを獲得できたのか？
左下の小さいスタンプで反応多ければ何をしたか解説出します！","↑解説
①「何を売るか」が決まってない
②行動量が圧倒的に足りない
③仕組みがない
目標はあるのに、それを達成する「道筋」が見えてない。
これ、めちゃくちゃ多いです。
「頑張ってるのに結果出ない」って人、だいたいこれ。

ここを明確にして行動していくことが大切です！","【わどブートキャンプ】開始数日にして「基準」がバグってます
Day0から数日。

毎日コミュニティを見守っているんですが、正直言います。
驚いてます。
普通じゃない、この熱気

新しいことを始める時って、普通は怖いじゃないですか。
「失敗したらどうしよう」って、足が止まるものなんです。

でも今回は違う。
「早く試したい！」
「悔しいからやる！」
こんな前のめりな空気が、コミュニティ全体に充満してるんです。
ネガティブすら、燃料に変えてる

一番感動したのが、これです。
みんな、ネガティブな感情さえも「やる理由」に変えちゃってるんです。
チャット欄に飛び交う本音を見てください。

>「目標を立てると現実とのギャップを痛感します。『あ、やべ全然行動できてねえじゃん！』とスイッチが入りますね」（てんてんさん）


>「このメンバー全員に勝ってもらうのが役割と言われていましたが、僕は負けたくないし、この中でも勝ちたいと思いました」（JET石井さん）

ね、すごくないですか？
「できるかわからない」で止まってない。
「やったらできた！」っていう小さな成功体験を、もう積み始めてるんです。
たった数日で「基準」が変わる
独学だと1年かけて悩むようなこと。
ここでは、数日で軽々と飛び越えていくんです。

「息をするように行動する」っていう最高の状態が
もうできあがっちゃってるんですよね。
たった数日で。

わどさんが「参加者全員に勝ってもらう」って言ってた意味。
今、リアルタイムで目撃してます。

この1ヶ月が終わったとき。
みんながどんな進化をしているのか、
めちゃくちゃ楽しみにしてます。","【わどブートキャンプ】Day1 勉強会ハイライト
テーマは「凡人が天才に勝つ唯一の方法」
運営として講義を見守っていたんですが、正直、震えました。

「努力が報われない」の正体
X（Twitter）には、すでに天才や有名人がうじゃうじゃいます。
後発の私たちが、どうやって勝つのか。

今回の講義テーマは、X運用の心臓部。
「ポジショニングとコンセプト設計」でした。
わどさんが最初に言った言葉が、刺さりまくりで。

「毎日投稿してるのに反応が薄い。頑張ってるのにフォロワーが増えない。その原因の9割は、努力不足じゃない。初期設計で間違ってるからなんです」

これ、聞いてて「うわ、そうだったのか…」ってなった参加者さん、たくさんいたと思います。
運営チームも、過去の自分を思い出して痛かったです（笑）。
わどさんが伝えた「勝つための3つの鉄則」
講義の核心部分。
ここ、本当にシェアしていいのか迷ったんですが…特別に公開しちゃいます。

✅鉄則①：「AIの人」になるな。「AI × ◯◯の人」になれ
「AIについて発信します！」
わどさん、バッサリ言ってました。
「残念ながら、これじゃもう誰にも刺さらない」って。
すでに凄い人たちが多すぎる「レッドオーシャン」だから。
じゃあどうするか。

「あなたの過去（経験）」×「AI」＝ 唯一無二のポジション

特別なスキルなんていらないんです。
泥臭い経験が、そのまま武器になる。

営業経験があるなら → 「AI × 営業効率化」
デザインが好きなら → 「AI × 非デザイナー」
事務職の経験なら → 「AI × ズボラ時短術」

「〇〇の経験がある私が、AIを語る」
それだけで、ライバル不在の場所に行けるんです。

✅鉄則②：コンセプトは「ビフォー・アフター」で語れ
「誰に何を届けるか？」
これを決める時、カッコいい言葉を使おうとして、結局フワッとしちゃう。
あるあるですよね。
わどさんが教えてくれた「売れるコンセプト」の型は、実はシンプルでした。
① 誰が（Target / Before）
例：残業まみれで家族との時間がない中間管理職が
② どうなる（Ideal / After）
例：週末を家族とゆっくり過ごせるようになる
③ その手段（Means）
例：私の発信で「ノーコード業務自動化」を学ぶことで
「Before（悩み）」から「After（理想）」へ連れて行ってあげる架け橋。
それが、あなたのアカウントの価値になる。

「ターゲットに迷ったら、過去の自分を設定するのが最強です。自分が一番欲しかった言葉なら、嘘偽りなく熱量を込められるから」

この言葉、メモしてた参加者さん、多かったです。

✅鉄則③：「No.1」を取れる場所まで狭くしろ
これが一番残酷で、一番大事なルール。

わどさん、笑いながらこう言ってました。
「『AI副業』という広いジャンルで1番になるのは、僕がいるので難しいかもしれません（笑）。でも、少しずらして『AI副業 × 介護職』なら？『AI副業 × 50代』なら？」

「この分野なら、私が一番詳しい！」
そう言える場所が見つかるまで、勇気を出してエリアを絞って絞って絞りまくる。
狭くてもいいから、そこで「No.1」になることが、ファン化への最短ルートなんです。

「設計図」なしに家は建たない
わどさんが最後に言ってた言葉。

「設計図なしに家を建てても、すぐに崩れます。みんなが今やっているのは、この頑丈な土台作り。地味だし、頭を使うしんどい作業です。でも、ここさえ決まればあとは走るだけ」

参加者のみなさん、今まさにスプレッドシートの課題と格闘中です。
一発で正解なんて出なくて当たり前。
わどさんがガンガン赤ペン入れて、一緒に削り出していくので、安心してください。

次回のイベントでは、作った設計図をもとに、いよいよ「発信」の形に落とし込んでいきます。","モニター生、フォロワー5000人突破しました！

5000人の壁、マジで高いです。
投稿しても反応が頭打ち。
何やっても伸びない。

本人は「5000人がほんっとーに遠かった...」
と言ってましたｗ

でもたった3日で突破です。

やることが明確になって、迷いがなくなった。
特別なことは何もやってません。

誰でも出来ることを着実にこなしていっただけです！
これも実践プログラムで惜しみなく公開していきますよ！

1ヶ月後、どうなってるか。
楽しみで仕方ないです😊","モニター企画の雑談チャンネル、
今こんな感じになってます。

・4ヶ月の赤ちゃん育てながら
 深夜にAI学習してるパパ

・フォロワー0から2週間で
 500人まで伸ばした人

・本業の移動時間（片道1時間半）を
 全部インプットに使ってる人

・「妻に怒られるので2時まで」って
 言いながら結局3時までやってる人

みんな時間ないんですよ。
でも、やってる。

なんでかって、
「あの人も頑張ってるなら
 自分もやるか」ってなるから。

これが環境の力。","【モニター生、半日で3万インプ達成🔥】
まさおさんの投稿がえぐいことになってます。
・半日で約3万インプ
・430いいね
・フォロワー+100人（1週間）
しかも「たまたま」じゃない。
ちゃんと仮説立てて、狙って当てた。
どうやったか気になる人はリアクションください！
反応多ければ解説出します👀

#わどブートキャンプ","リアクションありがとうございます😊
こちらの解説です👀

なぜ伸びたか？ポイントは3つ。
①刺す相手を絞った
 → みんなが狙うレッドオーシャンを避けて、ライバルが少ない切り口を選んだ

✅あなたのジャンル、「みんなと同じ切り口」で戦ってませんか？
視聴者のニーズを分解してみると、まだ誰も取ってない場所が見つかるかもしれません。

②常識を壊した
 → 「既知 × 既知 = 未知」の方程式。ありそうでなかった組み合わせで興味を引いた

 ✅自分の発信、「そうだよね」で終わってませんか？
「え、マジで？」を引き出す組み合わせ、あなたの知識の中にも眠ってるはずです。

③見せ方でワクワクを作った 
→ 結果だけ見せるんじゃなく、「勝手に動いてる感」を演出した

✅「何を見せるか」より「どう見せるか」。
同じ内容でも、切り取り方ひとつで反応は全然変わります。

これをまさおさんは思考し実行に移しています！
みなさんも今日の投稿、「見せ方」を少し変えてみるだけで伸びるかもしれませんよ。

「なんとなく投稿」から「狙って当てる投稿」へ。
小さな実験の積み重ねが、次のバズを作ります🔥","この報告感動しました。

「初めて1日5投稿できました」
「まだ発信軸は固まっていません」
「引用先探しで迷いまくりました」
「正直すっごく大変でした」

それでも、やった。

ここなんですよね。

ノウハウを知っている人はたくさんいます。
でも「大変でも動ける人」は本当に少ない。

最初から完璧な人なんていないですから。
泥臭く動いた人だけが、結果を掴めるんですよね。

#わどブートキャンプ","わどブートキャンプの成果報告、
見ていて本当に嬉しくなります。

いくつか紹介させてください👇

---

「増えたり減ったりを繰り返して
 なかなか越えられなかった900の壁。
 ついに減ることなく超えました」

「始めた頃はアカウントすらなかったですが
 100フォロワー達成しました。
 小さな成果ですが報告してみたかったので…！」

「SNS運用の""え""の字も知らなかった僕が
 2週間で200フォロワー超えました」

「15日でフォロワー500人増えて
 1000フォロワー達成できました」

---

すごいのは、
みなさん「特別な才能があった」わけじゃないこと。

発信軸を見直して、
コツコツ行動を続けただけなんです。

でも「続ける」が一番難しい。

だからこそ、仲間と一緒に走る環境って大事なんですよね。

12月、このわどブートキャンプをさらに強化した企画を準備しています🔥

「次こそは自分も」と思っている方、
ぜひリアクションください😊","わどブートキャンプのフィードバック、
毎回めちゃめちゃ勉強になるんで
ちょっとシェアさせてください。

今回わどさんが話してたのが
「目的のないポストは作業になる」
って話。

「毎日投稿頑張ります！」
って人、多いと思うんですけど

・LINEに登録してほしいのか
・プロフに来てほしいのか
・認知を取りたいのか

ここが決まってないと
ただの作業になっちゃうと。

「この投稿で誰の何を動かしたいか」
これを毎回考えるだけで
投稿の質が変わるんです。","伸びる投稿と、売れるアカウントって、
実はちょっと違うんですよね。

わどブートキャンプのフィードバックをちょっと公開🤫

伸びる投稿 → 認知を広げる
ファン化 → この人から買いたいと思わせる

両方大事なんですけど、
ファン化ができてないと、
いくらフォロワーが増えても売上につながらない。

じゃあファン化ってどうやるの？って話なんですけど、

わどさんがよく言ってるのは
「信頼性」と「共感」の2つです。

・この人、本当に詳しそうだな（信頼性）
・この人の話、なんかわかる…（共感）

この2つがあると、
「この人の投稿は毎回見たい」ってなる。

具体的には、

✅ 自分の失敗談を出す
✅ 小さな成功体験を共有する
✅ 「僕も最初は〇〇でした」って並走する姿勢

これだけで、ファン化は進みます。

すごい人になる必要はないです。
「一緒に頑張ってる仲間」でいいんですよね。

12月の企画では、
「自分の強みをコンテンツに変える方法」と
「一人でも挫折しない環境の作り方」を
しっかりお伝えしていきます。

「何を発信すればいいかわからない…」
「始めてみたけど、続かなかった…」

そんな経験がある方こそ、
ぜひ楽しみにしていてください！

今日の投稿、
ちょっとだけ「自分の本音」を入れてみてくださいね。","「Xやってない人、もったいなさすぎる」

ぶっちゃけた話していいですか？
なぜ今、Xのモニター企画、
わどブートキャンプをやってるか。

それは冒頭の一文、
大事なのでもう一度言いますね。
「Xやってない人、もったいなさすぎる」

AI副業で月10万、50万、100万…
稼いでる人たちの共通点。
特に時間ない人ほどXで発信してる。

何がそんなにいいかっていうと…

①発信が24時間働く集客マシンになる

②反応見ながら「売れる商品」が分かる

③売り込まなくても「買いたい」が生まれる

④一度作った信頼が、ずっと売上を生み続ける

これが時間に追われている人でもXならできちゃうんです。
忙しい人ほどXやらない理由、正直もうないんですよ。

逆に聞きたい。
やらない理由、何かありますか？

「めんどくさい」「何書けばいいか分からない」
…それ、全部教えます。
だからこそ今、一緒にやりませんか？","このメリットもうちょっと詳しく説明しますね。

【①発信が24時間働く集客マシンになる】

普通、お客さん集めようと思ったら
広告出すか、営業するか、紹介もらうか。
どれも時間かお金がかかる。

でもXは違う。
1回投稿したら、その投稿が
寝てる間も、仕事してる間も、ずっと働いてくれる。

たとえば、
「AIでこんなことできました」って投稿が
誰かのタイムラインに流れる。

「お、この人面白そう」ってプロフィール見にくる。
フォローされる。
これが毎日、勝手に起きてる。

しかも来るのは
「あなたの発信に興味ある人」だけ。

興味ない人は来ない。
興味ある人だけ集まる。

広告費ゼロで、質のいい見込み客が増えていく。
これ、忙しい人ほどやるべきなんですよ。

自分が寝てても集客してくれる仕組み、
持ってるか持ってないかで全然違います。

【②反応見ながら「売れる商品」が分かる】

コンテンツ販売で一番怖いのって、
「頑張って作ったのに売れなかった」
これですよね。
でもXやってると、この失敗がほぼなくなる。

なぜか？
作る前に「売れるかどうか」が分かるから。

たとえば、
「AIで時短する方法、興味ある人います？」
って投稿してみる。

いいねやコメントがたくさんつく。
→ これはニーズある。商品にできる。

反応薄い。
→ これは今じゃない。別のネタ探そう。

こうやって、
売れる商品のネタがタダで手に入る。

しかもコメントで
「こういうの知りたいです！」って教えてもらえる。
お客さんが欲しいものを、お客さんに聞ける。

作ってから売るんじゃなくて、
売れると分かってから作る。
この順番にできるのがXの強さです。

【③売り込まなくても「買いたい」が生まれる】

「買ってください！」
「今だけお得です！」
こういうゴリゴリの売り込み、
正直キツいですよね。やる方も、見る方も。

でもXで普段から発信してると、
売り込まなくても売れる状態が作れる。

なんでかっていうと、
毎日の発信で
「この人の言うこと、参考になるな」
「この人、信頼できそう」
って思ってもらえてるから。

その状態で
「実はこんな教材作りました」って言ったら？
「待ってました！」って買ってもらえる。
売り込みじゃなくて、お知らせで売れる。

「この人から学びたい」
「この人のコンテンツなら間違いない」
この信頼があるから、高くても売れる。

無理なセールスしなくていいから、
気持ちもラクだし、お客さんとの関係も良いまま。
これがX発信の本当の強さです。

【④一度作った信頼が、ずっと売上を生み続ける】

広告って、お金止めたら集客も止まる。

でもXは違う。
過去の投稿が、ずっと資産として残る。

1年前の投稿が検索で見つかって、
「この人いいな」ってフォローされる。

半年前のポストがバズって、
そこから商品が売れる。
こういうことが普通に起きる。

しかも、
一度「この人から学びたい」って思ってもらえたら、
次の商品も、その次も買ってもらえる。

新商品出すたびにゼロから集客し直す必要がない。
信頼って、一度作ったら消えないんですよ。

だから発信続けてる人は、
どんどんラクになっていく。

最初は大変かもしれない。
でも続けた分だけ、
信頼が積み上がって、売上も安定していく。
これが「資産になる」ってことです。

1年後、どっちの自分がいいですか？
「あのときXやっときゃよかった…」って後悔してる自分か。
「あのとき始めてよかった」って笑ってる自分か。
違いは、今日やるかどうか。それだけです。","「TikTok始めようと思ったけど、
 子どもが寝た後しか撮れなくて、
 結局3日で諦めました…」

いやー、わかりすぎますよね。
で、ちょっと冷静に考えてほしいんですけど、

インスタ・TikTok → 動画必須
X→ テキストでOK

この差、めちゃくちゃデカくないですか？

動画って撮影だけじゃなくて、
・照明
・背景
・編集
・撮影器具
とかも必要になってくる。

忙しい会社員に、
育児中のママに、
そんな時間あります？

受講生の皆さんは、
そんな時間ないよって声ばかりでした。

Xなら、
スマホ1台あれば今すぐ始められる。

「発信したいけど時間がない」

その悩み、
プラットフォーム変えるだけで
解決するかもしれないですよ。","正直、めちゃくちゃ熱いです。

わどブートキャンプのチャット、
毎日見てるんですけど…
企画終盤に差し掛かっても
アウトプットが止まりません。

「アウトプット苦手です…」
って言ってた方が、
翌日には投稿してる。

誰かの気づきに
「それ、自分も同じでした！」
ってコメントがつく。

わからないことを
「ここどうでしたか？」
って普通に聞ける空気ができてる。

わどさんがよく言ってるんですけど、
「誰でもできることを、やらない人がほとんど。だから誰でもできることをやり続けた人が勝てる」

シンプルだけど、一人だとこれが難しいんですよね。
でも仲間がいると「やらなきゃ」が「やりたい」に変わる。
運営してて、それをすごく実感してます。

12月14日から本気で変わりたい方向けの企画について、本日21時に詳細公開します！
「今度こそ」と思っている方、楽しみにしててくださいね！","5days企画へのエントリー、続々とありがとうございます！

正直、ここまで反響があるとは思ってなくて。

皆さんから届く「期待してます」のメッセージ、仕事の合間に一つ一つ目を通してます。全部読んでるし、できる限り返信してます。

こんなに反応もらえると、もう本気出すしかないなって。

今回の5days企画では、私がたった一人で副業コンテンツ販売で1億売り上げた経験から得た「本当に使える施策」を全部出します。

「頑張ってるのに結果が出ない」
「何をやっても続かない」
「また失敗するのが怖い」

そういう経験、私も何度もしてきた。
最初の副業なんて、半年やって売上ゼロで心折れかけたし。
だから痛いほどわかるんですよね。

だからこそ、机上の空論じゃなくて「実際にやって結果が出た方法」だけを伝えます。

実際、先月の成果報告だけでも

・0円→月10万達成
・累計売上100万突破
・卸利益だけで月140万超え

こういう報告がバンバン届いてる。

私がインタビュー動画を出すときは「すごいでしょ」じゃなくて、「具体的に何をやったか」を深掘りするようにしてます。

見た人が「自分もできそう」って思えるように。
だから動画も長めなものもあります。

いくつかピックアップしたので、よかったら見てみてください👇

【月収0円→100万】出産でキャリアが途絶えた主婦が「AI×Tips」で初月90万稼ぐまで。
https://www.youtube.com/watch?v=22gz0d7P8iE

【AI知識ゼロから】8ヶ月で160万！「SNS運用スキル」にAIを掛け合わせる現場の技術
https://www.youtube.com/watch?v=OAERCjjLq7Y&t=1467s

【収益0円→累計100万】3児のフルタイムママが「AI×隙間時間」で半年で稼ぐまで。
https://www.youtube.com/watch?v=BSLTRLOsbI4&t=238s","【よくある質問への回答】
皆さんからいただいた質問にお答えしますね！

Q. 課題の内容は複雑で難しいですか？量も多いですか？
→ 特別難しいものではないのでご安心ください！
セミナーに集中して参加いただければ問題なくこなせる内容になってます。

Q. 作業時間はけっこうかかりますか？
→ セミナー中にワークの時間を設けているので、その間に進められる内容です。
「セミナー後に何時間も作業しないと…」みたいなことはないので大丈夫ですよ！

Q. 講義は何時から？何時間くらいですか？
→ 全日程21時スタートで、所要時間は約2時間を予定しています。
お仕事終わりでも参加しやすい時間帯にしてるので、ぜひリアルタイムでご参加ください！

その他の企画ルールについては、このチャットの**ノート欄にある「大事なノート」**に記載しています。
まだ読んでいない方は、そちらも合わせてご確認ください！
※運営のお知らせが埋もれないよう、挨拶やお返事のメッセージはご遠慮いただいております。
ご協力よろしくお願いします🙇","【1ヶ月で人生変わった人、続出してます】
わどブートキャンプ、1ヶ月の成果報告が出揃いました。
正直、えぐい結果出てます。

■成果報告
・ブラック企業で深夜まで働いてボロボロだった人
→ 初note公開達成、「時短革命」を発信する側に

・専業主婦からWebライターに挑戦中のママ
→ note初収益、インフルエンサーと個別ミーティング獲得

・睡眠削っても収益ゼロだった会社員
→ フォロワー+62人、初note販売達成

・3日坊主だった現役AIエンジニア
→ 1ヶ月毎日投稿継続、バイブコーディングで初収益

・家事育児に追われて時間がないママ
→ フォロワー+66人、初note公開

・残業45時間超えの会社員
→ 本業こなしながらフォロワー増、発信継続

・「自分には無理」と一度フェードアウトした人
→ 最大インプ2→11,040達成

・2年間万バズ出せなかったデザイナー
→ 25万バズ達成、note68部販売

・Xもnoteも触ったことなかった完全初心者
→ 1ヶ月でフォロワー347人、note販売達成

■ マインドの変化
・「何を投稿していいかわからない」
→毎日投稿が当たり前に

・X運用の苦手意識
→「楽しい」に変わった

・完璧主義で動けない
→「60点でも出す」に変わった

・「運用やらなきゃ…」のイヤイヤ感
→生活の一部として習慣化

■数字より大事なこと
参加者のほとんどが言ってたのが
「一人じゃ絶対に続かなかった」
「仲間がいたから頑張れた」
「家族の体調不良で失速しても、仲間がいたから最後まで走れた」

これなんだよな。
ノウハウだけじゃ人は動けない。
環境と仲間がいて、初めて行動が続く。

■ 次はあなたの番
5Daysチャレンジ、明日12月14日スタート。
「時間がない」「また失敗するかも…」
そう思ってる人ほど来てほしい。
同じ状況から結果を出した人が、もうこれだけいる。

▼申し込みは本日23:59
残り3時間で締め切りです！
[申込リンク]","【📣お知らせ】
本日21時、いよいよ初回ライブセミナースタートです！

■Day1のテーマ
「自分の強みを理解し、コンテンツの素材を見つける」

「自分には何もない」と思っている人ほど、
今日の内容は刺さると思います。

実は、過去の経験こそが
""売れるコンテンツの素材""になるんです。

今日のLIVEでは、
その理由と具体的な見つけ方をお伝えします。

🔻セミナー参加はこちら
https://us06web.zoom.us/j/85153419233?pwd=BbLGcgJKoQrkXTPbNBd7z0R3DarrD8.1

ミーティング ID: 851 5341 9233
パスコード: 887911

＝＝＝

📝【開始前にやっておいてほしいこと】

①「大事なノート」を必ずチェック！
→ 画面右上の三本線をタップ
→ 大事なお知らせがまとまっています

②MBTI診断を済ませておく
→ 今日のワークで自己分析に使います
→ まだの方は今のうちに！（10〜15分程度で終わります）
https://www.16personalities.com/ja
※診断結果（例：ENFP、ISTJ など）はメモしておいてください。

③Googleアカウントを用意しておいてください
→セミナー全体を通して、Googleの生成AI「Gemini」を使います

＝＝＝

✅参加後、ワークを提出いただいた方には
　特典をお渡しするのでお楽しみに🎁

✅リアルタイム参加できなくても
　アーカイブ視聴＋ワーク提出で特典は受け取れます

それでは、今夜21時にお会いしましょう！","【お詫び】

初回LIVEまで、あと3時間。

その前に大事なお願いがあります🙇‍♂️

＝＝＝

重要なお知らせが届いていない方が
いらっしゃるかもしれません。

オープンチャットの通知がOFFになっていると、
重要な案内が届かない場合があります。

＝＝＝

📱通知ONの設定方法（10秒で完了）

右上「≡」→「通知」→「通知ON」

＝＝＝

せっかく参加いただいたのに
課題提出方法がわからなかった...
初日参加できずアーカイブの配信見逃した…
ということがないよう、
今のうちに設定をお願いいたします🙏

＝＝＝

📝【開始前にやっておいてほしいこと】

①「大事なノート」を必ずチェック！
→ 画面右上の三本線をタップ
→ 大事なお知らせがまとまっています

②MBTI診断を済ませておく
→ 今日のワークで自己分析に使います
→ まだの方は今のうちに！（10〜15分程度で終わります）
https://www.16personalities.com/ja
※診断結果（例：ENFP、ISTJ など）はメモしておいてください。

③Googleアカウントを用意しておいてください
→セミナー全体を通して、Googleの生成AI「Gemini」を使います

＝＝＝

🔻本日21:00〜 参加はこちら
https://us06web.zoom.us/j/85153419233?pwd=BbLGcgJKoQrkXTPbNBd7z0R3DarrD8.1

ミーティング ID: 851 5341 9233
パスコード: 887911","昨日は遅くまで第1回セミナーへのご参加、
ありがとうございました！

いやー、めちゃくちゃ嬉しいです。
課題提出してくれた方、なんと300人以上...！

正直、この熱量に圧倒されてます。
「今度こそ」って思いで参加してくれてる方が多いと思うんですけど、こうやって一歩踏み出して行動してくれてること自体がすでに素晴らしいんですよね。

▼第1回のセミナーアーカイブの視聴がまだの方はこちらからお願いします！

https://utage-system.com/members/poVb4QvSTPss/home

▼まだ課題提出できてない方へ
・提出URLが分からない
・やり方が分からない
こういう方は遠慮なく問い合わせLINEに連絡ください！

https://utage-system.com/p/qHerRv5yhZHg
※アーカイブ視聴・課題提出期限12/16(火) 15:00まで

一人で悩まないでくださいね。

あと、この企画のモニターであるわどブートキャンプ生からメッセージが届いてます。
実際に成果を出してる先輩たちの声、ぜひ聞いてみてください！
Day2も一緒に頑張っていきましょう！","ちょっとお知らせです。

「今日のセミナー参加できなかった...」
「途中で抜けちゃった...」

って方も安心してください。

質問用LINEで個別にサポートしてます。

実際に今日も
・課題の再提出について
・メールが届かない件
・プラン変更のやり方
・リンクの場所がわからない

こういう質問に
一つずつ返信してます。

参加できた人も、できなかった人も
置いてけぼりにはしないので
気軽にお問合せください😊

▼個別のお問い合わせはこちらから
https://utage-system.com/p/qHerRv5yhZHg","【大猛省】 
本当に申し訳ないです！！

こんばんは、わどです。
5Daysチャレンジ企画のDay1
ご参加ありがとうございました！

ここで 【大猛省】 があります...。

参加人数が想定を超えすぎてしまい、 
招待メールが「迷惑メール」に入っちゃったみたいです...

「待ってたのにリアルタイムで見れなかった！」 という方、本当に申し訳ありません🙇‍♂️

正直、Day1はコメントが追いつかないほど過去最高の盛り上がり、 「これ無料でいいの！？」という声が鳴り止まない『神回』でした。

⚠️それで、ここからが重要です⚠️

今回の5Daysチャレンジ、
 【Day1を参加した人以外、Day2以降には進めない】 
というルールになってます。

つまり、このままだと脱落です...。

しかし！！！！！ 
救済措置を追加しました！！

明日の21時までに、

① Day1動画視聴（タイムスタンプを付けて見やすくしました）

② 課題の提出（めっちゃ簡単です）

をしていただくと、Day2への参加チケットを入手できます！！

特別に期間延長してるので、後悔したくない人はついてきてください。

▼ Day1アーカイブはこちら
https://youtu.be/IugTFkGTh7A
*必要なリンクはyoutube概要欄にあります。

※分からないことは、こちらのLINEにメッセージください！
https://utage-system.com/p/qHerRv5yhZHg

Day2は明日12/16(火) 21時スタート！！後悔したくない人はついてきてください！🔥","【これが最後です】
こんにんちは、わどです。

みなさん、5Daysチャレンジチャレンジ企画にご参加いただきありがとうございます！！

Day1を改めて振り返るとガチで過去最高の盛り上がりでした！！

そして何より、自分の強みを見つけて、前を向いている仲間がたくさんいます。

引用ポストにも、提出してくれた課題にも、一人一人の想いが込められていて、正直ジーンときています。

この事実に、私は「やっててよかった」と改めて感じます！！

で、今この瞬間も裏でアーカイブを見て、課題提出してくれている人がめちゃくちゃ多い。

すでに567名！！
本当にありがとうございます！！🐑

ですが！！！
やっぱり「リアルタイム」で参加してほしい！！

あの過去最高の盛り上がり、一体感、コメントの勢い。あれはリアルタイムじゃないと、絶対に肌で感じられません。

私のメール届かないやらかしは猛省だけど...

【Day1のアーカイブ視聴＋課題提出】
*詳細はオープンチャット右上のノート欄をご確認ください

この救済措置を使って、多くの仲間と一緒に駆け抜けていきたい！！

約束します！！
みんなが思い描いた「理想」を、私が「現実」に変えてみせる。

実は、みなさんの熱量に負けないために、Day2以降の内容は予定よりもパワーアップさせています。

後悔したくない人は、今夜21時に集合してください。

▼ Day1アーカイブはこちら
https://youtu.be/t-_ebw4Ei40
*必要なリンクはyoutube概要欄にあります。

▼ 初日の振り返りをお伝えしています！
https://www.loom.com/share/6a08ca93e25647768d5dbb19ddd31495

▼ ご質問はこちらの専用LINEよりお問い合わせください。
https://utage-system.com/p/qHerRv5yhZHg","【課題提出者 620名突破！！】 

みなさんこんばんは、わどです。
課題を出してくれた人が、620名突破しました。

みなさんの回答、全部読んでいます。
深夜や早朝、忙しい合間に取り組んでいただき、本当にありがとうございます！！

初日の冒頭で、私がお伝えしたメッセージ。 覚えてますか？

「この5日間が、みなさんの人生のターニングポイントになる」

これ、大げさでもなんでもなく、今まさに、そのタイミングなんですよね。

ここで、残酷な現実をお伝えします。

今回の企画には、大きく分けて「2パターン」の人たちがいます。
① この5日間を完走し、人生を少しずつ、でも確実に変えていく人
② 「忙しいからあとで」と先送りして、これまでと変わらない人

この2つの違いって、 スキルとか、センスの差じゃないんです。「ほんの少しのやる気を出して、一歩動いたかどうか」 たったこれだけの差です。

620名の仲間は、すでに「理想」を「現実」に変えるためのチケットを手にしています。

みなさんは、どちら側で終わりますか？まだ間に合いますので、後悔したくない人は、課題の提出をお待ちしています。

▼ Day1アーカイブはこちら
https://youtu.be/t-_ebw4Ei40
* 必要なリンクはyoutube概要欄にあります。

▼ 課題提出方法はこちら
https://www.loom.com/share/243ae009a675405895b2e8332896401c

▼ ご質問はこちらの専用LINEよりお問い合わせください。
https://utage-system.com/p/qHerRv5yhZHg
* 大切なメッセージが流れてしまわないよう、ご協力の程よろしくお願いいたします。

Day2は今夜21時スタート！！それではみなさん楽しんでいきましょう！！🔥","【本日21:00 Day2スタート！！🔥】

みなさんこんばんは！わどです。
先日のDay1の熱狂、凄かったですね！！

今日はもっと「具体的」で「実践的」な回になります。Day1で決めたジャンルを、どうやって「売れる商品」に変えるのか？

「自分には難しそう...」と思ってる人こそ、きてほしい。AIに売れる商品を提案してもらう瞬間を目撃してください。

━━━━━━━━━━━━
⏰ 時間
━━━━━━━━━━━━
本日 21:00〜
(開場 20:50)

━━━━━━━━━━━━
📍 テーマ
━━━━━━━━━━━━
AIの力を借りて
あなたの強みをお金に変える
具体的戦略を作成する

↓↓↓

コンテンツ設計の「正しい型」を知る
商品（有料記事）の設計図を完成させる
AI活用で「これならできる」を体感する

━━━━━━━━━━━━
✅ 参加方法
━━━━━━━━━━━━
下記Zoomにて
お待ちしています↓↓↓

https://us06web.zoom.us/j/85153419233?pwd=BbLGcgJKoQrkXTPbNBd7z0R3DarrD8.1
ミーティング ID: 851 5341 9233
パスコード: 887911 

━━━━━━━━━━━━","""まもなく21時スタートです！！🔥

5Daysチャレンジ企画、Day2 今夜は「AIを使った具体的戦略」を作成する実践回！！

会場はすぐ上にあるZoomリンクから！！""","""【大盛況】5Daysチャレンジ企画のDay2、ご参加ありがとうございました！！ 

今日もみなさんの熱量がすごくて、気づいたらいつもより長時間やってしまいました！！

すでに課題を提出してくださっている方、早くて素晴らしいです。小さな成果の積み重ねは、大きな成果に繋がります。一歩一歩着実に進んでいきましょう！！

Day2で「マネタイズの設計図」は完成したわけですが、

次回はDay3です。
【テーマ：AIエージェントを使って実際に商品を作る！】
最高の設計図を、AIを使って「商品」に変えていきます。

ただ、ここで冷静に考えてほしいです。「その最高の設計図、あなたは過去に継続できましたか？」

だからこそ、とても大事なDay4があります。
【テーマ：継続するための仕組みができる！】
Day1からDay3の手順を実行し続ける、最小労力・最大成果の「構造」をDay4で完成させます。

・Day3：12/18(木) 21:00~
・Day4：12/20(土) 21:00~
・Day5：12/22(月) 21:00~

この大型チャレンジ企画も残すところあと3日間！全ての日程に参加しなければ、正直あまり意味がありません。

一度きりで最後の企画なので、後悔したくない人はついてきてください🔥""","""⚠️【重要】オプチャを最大限活用するための「3つの初期設定」とお願い

ここに参加してくれた熱量の高い皆さんに、情報の取りこぼしで損してほしくないので、最初にこの「3つの設定」だけ、サクッと済ませておいてください！

---

①通知ON📢

大事な案内を見逃すと、
参加した意味が半減しちゃうので。 
右上のメニューから
オープンチャットの通知を
ONに変更してくださいね😊
 
---

②オプチャのピン留め📍

他のLINEに埋もれて「あれ、どこいった？」
ってなる時間をゼロにしましょう。 
トーク一覧でこのオプチャを長押し
 →「ピン留め」で一番上に固定しておいてくださいね！👍
 
---

③カレンダー登録📅

最後に！！

 「予定をうっかり忘れてた」が一番もったいないです。 
なので、今後の全日程をワンタップで
Googleカレンダーに追加できる仕組みを作っておきました。
これポチるだけでスケジュール管理（カレンダー登録）完了です！

5Days わどブートキャンプ-21時開始の全イベントを一発でカレンダー登録
↓↓↓
https://calendar.google.com/calendar/u/0?cid=N2MyYjBlOWIyMDVmNjU4YzNhZWNkOTVlZGNkYWJkOWNkYjExYjE3YjA2MmQwMGI4NDUyNGVjZjA1YmQ0MmM0MkBncm91cC5jYWxlbmRhci5nb29 

---

▼ ご質問はこちらの専用LINEよりお問い合わせください。
https://utage-system.com/p/qHerRv5yhZHg

大切なメッセージが流れてしまわないよう、ご協力の程よろしくお願いいたします。

—-

Day2アーカイブまもなく公開します！""","""【速報】Day2アーカイブ公開！！ 

みなさん大変お待たせいたしました。
アーカイブを待ち望んでいる声を多数いただいたので、 Day2はアーカイブを全公開します！

▼ Day2アーカイブはこちら
https://www.youtube.com/watch?v=QhplCwksXL0
必要なリンクはyoutube概要欄にあります。

また、Day3以降もアーカイブを公開することに決めました！ただし、夜遅くまでリアルタイムでご参加いただいている方もいるので、Day3以降のアーカイブは「Q&A部分をカット」してお送りします。

有益なQ&A部分については、Day3以降の「課題提出特典」に含めさせていただきます。熱量高く参加し、行動した方だけがより深い情報を手に入れられることとしました。

⚠️ Day2の課題提出は【明日の15時まで】⚠️ 

Day2の課題提出特典は「自分に合ったマネタイズが見つかる商品作成ツール」
* 課題提出特典はどの日程も超有料級！！

次回は12/20(木) 21時 Day3「商品作成」、一気に加速していきましょう！！
* ワークがございますので、PCでのご参加推奨です！""","""【Day2課題締切：明日15時まで】
明日は「手ぶら」だと参加できません！！

みなさんこんにちは、わどです。
Day2の興奮冷めやらぬ中、すでに課題を提出した方のスピード感、本当に素晴らしいです！！

ただ、まだ提出できていない方へ。
もしかして、「完璧なものを作らなきゃ」と悩みすぎて止まっていませんか？

ハッキリ言います。
そんなに悩まなくて大丈夫。

なぜなら、Day3は【AIエージェントを使って、実際に商品を作る回】だから。

みなさんが「えいや！」で決めた1行のネタを、 AIという「超優秀な部下」が、一気に売れる商品へと形にしてくれます！！

つまり、Day2の課題（ネタ）がないと、明日のAIエージェントを動かすことができません。

「とりあえず、これ！」で大丈夫！ 早めに課題を提出して、明日の「AIが勝手に商品を作る」権利を確定させてください。

🚨 Day2課題締切：明日15時まで
*課題提出特典は超有料級！正直受け取らないと損です！

▼ Day2アーカイブはこちら
https://www.youtube.com/watch?v=QhplCwksXL0
必要なリンクはyoutube概要欄にあります。

▼ Day2課題ワークの手順解説、作りました！！
https://wool-echo-e93.notion.site/DAY2-2cc59cb966a28043be57d33147d22429

次回、Day3「商品作成」12/18(木) 21時にお会いしましょう！！🔥""","""【今夜21時 Day3スタート！！】 

おはようございます、わどです！
課題提出者【500名】超えました。みなさんの熱量すごい！！

ここで、一つだけ謝らせてください。「動画が長すぎて見返す時間がない！」 という声を多数いただきました...（当日熱くなりすぎました、すみません笑）

なので... 【ワーク部分短縮版】を作りました！

正直に言うと、 ここからのDay3（商品作成）、Day4（仕組み作り）がこの企画の「心臓部」です。なので、忙しい方はこの「短縮版」でサクッと要点だけ回収して、とりあえず課題を出してください！ それだけでDay3への準備は完了、最前線に追いつけます。

▼【時短用】Day2ワーク短縮版はこちら
https://youtu.be/dUu4JgOJiFY
*課題提出に必要なリンクはYoutube概要欄にあります。

ちなみに、課題提出特典の「マネタイズ商品作成ツール」も、正直これだけで超有料級の代物です。サクッと受け取っちゃってください。

あと、個別相談LINEからも 「もっとこうした方がいい！」「ここが分かりにくかった」 という貴重なご意見いただいており、ありがとうございます。いただいたコメントはすぐに運営チームで共有して、反映させていただきます！

この企画は、私からの一方通行じゃなくて、 「みんなで最高のものにしていきたい」と思ってます。なので、また何か気づいたことや改善点があれば、 【個別相談LINE】から遠慮なくガンガン送ってください！

▼ 個別相談LINEはこちら
https://utage-system.com/p/qHerRv5yhZHg

みんなで伝説の企画にしていきましょう🔥

それでは、準備はいいですか？ 本日21時から、いよいよDay3【AIエージェントを使って実際に商品を作る！】です！みなさん楽しんでいきましょ〜！！""","【課題提出者 540名突破！！】 

こんにちは、わどです。
Day2の課題を出してくれた人が、540名を突破しました。

みなさんの回答全てにフィードバック返しております！
忙しい合間に取り組んでいただき、本当にありがとうございます！！

ここで、私がお伝えしたメッセージを思い出していただきたいです！

「この5日間が、みなさんの人生のターニングポイントになる」

これ、大げさでもなんでもなく、今まさに、そのタイミングなんです！

一方で、残酷な現実もあります。

今回の企画には、大きく分けて「2パターン」の人たちがいます。

① この5日間を完走し、人生を少しずつ、でも確実に変えていく人
② 「忙しいからあとで」と先送りして、これまでと変わらない人

多くの方は②で終わってしまう。

だからこそ、①に入っただけで、人生が激変するんです！
この2つは、 スキルとか、センスの差ではないです。

「ほんの少しのやる気を出して、一歩動いたかどうか」 たったこれだけの差です。

540名を超える仲間は、すでに「理想」を「現実」に変えるためのチケットを手にしています。

みなさんは、どちら側で終わりますか？まだ課題を出せていない方も、今なら間に合います！！！
後悔したくない人は、課題の提出をお待ちしています！

▼ Day2アーカイブはこちら
https://www.youtube.com/watch?v=QhplCwksXL0
必要なリンクはyoutube概要欄にあります。

▼ Day2課題ワークの手順解説
https://wool-echo-e93.notion.site/DAY2-2cc59cb966a28043be57d33147d22429

▼【時短用】Day2ワーク短縮版はこちら
https://youtu.be/dUu4JgOJiFY
*課題提出に必要なリンクはYoutube概要欄にあります。

Day3は今夜21時スタート！！
本格的に記事を作成する工程に入ります！
* ワークがございますので、PCでのご参加推奨です！
それではみなさん楽しんでいきましょう！！🔥

▼ ご質問はこちらの専用LINEよりお問い合わせください。
https://utage-system.com/p/qHerRv5yhZHg
* 大切なメッセージが流れてしまわないよう、ご協力の程よろしくお願いいたします。","【課題提出締切まであと1時間！】@All 

みなさん、15時でDay2のワーク提出を締め切りますので、お気をつけください〜⚠️

もうすぐ提出600名になります！

すでに私の方では、みなさんの課題をほぼすべて見させていただきました…！

正直に言います。

課題を出した人と出してない人では、もう既に大きな差が生まれています。

才能は必要ないです！
「やると決めて、実際に手を動かしたかどうか」

ただそれだけです。

でも、この「ただそれだけ」が、3ヶ月後、半年後のあなたを全く別人にします。

今この瞬間、600名の仲間たちは、すでに「行動する側」の人間になっています。

あなたは「いつかやろう」と思いながら時間だけが過ぎていく人生と、
「今やった」と胸を張れる人生、どちらを選びますか？

まだ間に合います。あと1時間あります。

皆さんの課題提出お待ちしております🔥

▼ Day2アーカイブはこちら
https://www.youtube.com/watch?v=QhplCwksXL0
必要なリンクはyoutube概要欄にあります。

▼ Day2課題ワークの手順解説
https://wool-echo-e93.notion.site/DAY2-2cc59cb966a28043be57d33147d22429

▼【時短用】Day2ワーク短縮版はこちら
https://youtu.be/dUu4JgOJiFY
*課題提出に必要なリンクはYoutube概要欄にあります。

Day3は今夜21時スタート！！
本格的に記事を作成する工程に入ります！
* ワークがございますので、PCでのご参加推奨です！
それではみなさん楽しんでいきましょう！！🔥

▼ ご質問はこちらの専用LINEよりお問い合わせください。
https://utage-system.com/p/qHerRv5yhZHg","【課題提出締切まであと30分！】

最後のリマインドになります！

Day2の課題、
提出期限は15:00 となります！

Day3以降も、かなり濃い内容をお届けします！
絶対後悔させないので、しっかりついてきてくださいね🔥

みんなで5日間走り切りましょう！！！

▼ Day2アーカイブはこちら
https://www.youtube.com/watch?v=QhplCwksXL0
必要なリンクはyoutube概要欄にあります。

▼ Day2課題ワークの手順解説
https://wool-echo-e93.notion.site/DAY2-2cc59cb966a28043be57d33147d22429

▼【時短用】Day2ワーク短縮版はこちら
https://youtu.be/dUu4JgOJiFY
*課題提出に必要なリンクはYoutube概要欄にあります。

Day3は今夜21時スタート！！
本格的に記事を作成する工程に入ります！
* ワークがございますので、PCでのご参加推奨です！
それではみなさん楽しんでいきましょう！！🔥

▼ ご質問はこちらの専用LINEよりお問い合わせください。
https://utage-system.com/p/qHerRv5yhZHg","""今夜みなさんのコンテンツが出来上がります。ワクワク

盛り上がりありがとうございます！最後までみんなで走り抜けましょう！！

今夜のワークはDay2と繋がってます。Day2ショート版でいいので商品案をサクッとAIで作ってきてくださいね！↓

▼【時短用】Day2ワーク短縮版はこちら
https://youtu.be/dUu4JgOJiFY""","""【本日21:00 Day3スタート！！🔥】


みなさんこんばんは！わどです。
先日のDay2の熱狂も凄かったですね！！

あと1時間ほどでDay3が開始となります！

今日はもっと「実践的」な回になります。
Day2で決めた商品の設計図をもとに、AIエージェントを駆使して商品作成をしちゃいます！


━━━━━━━━━━━━
⏰ 時間
━━━━━━━━━━━━
本日 21:00〜
(開場 20:50)

━━━━━━━━━━━━
📍 テーマ
━━━━━━━━━━━━
AIエージェントを使って
実際に商品を作る！

↓↓↓

このセミナーを終えたころ
あなたは「消費者」から「販売者」に変われます！

━━━━━━━━━━━━
✅ 参加方法
━━━━━━━━━━━━
下記Zoomにて
お待ちしています↓↓↓

https://us06web.zoom.us/j/85153419233?pwd=BbLGcgJKoQrkXTPbNBd7z0R3DarrD8.1
ミーティング ID: 851 5341 9233
パスコード: 887911 

━━━━━━━━━━━━""","""👆まもなく21時スタートです！！🔥

5Daysチャレンジ企画、Day3 今夜はAIエージェントを使って実際に商品を作っちゃいます！

会場はすぐ上にあるZoomリンクから！！""","""⚠️【復旧完了】みなさんの熱量が凄すぎました…！

みなさん、すみません！🙇‍♂️ 
Day3のツールですが、想定を遥かに超えるアクセス殺到により、一時的にエラーが出ておりました。

まさに「みなさんの熱量にツールが負けました」

先ほど緊急対応し【完全復旧】しました！

エラーで弾かれてしまった方、本当に申し訳ありません。 今はサクサク動きますので、
課題提出された方はリンクから再アクセスで使用お願いします！

※課題提出はまずはライティング部分だけで問題ないです！
課題提出後に画像生成ツールが送られてきます！""","""【速報】Day3アーカイブ公開！！ 

みなさん大変お待たせいたしました。
Day3のアーカイブを公開します！

▼ Day3アーカイブはこちら
https://youtu.be/1Ms1TfGdLwY
必要なリンクはyoutube概要欄にあります。

▼DAY3　ワーク部分のハイライトはこちら
https://youtu.be/yYLAuHAf5l4

⚠️ Day3の課題提出は【明日の15時まで】⚠️ 

Day3の課題提出特典は
「飛ぶように売れるコピーライティング作成プロンプト集」
「note記事生成エージェント」（使用期限あり）
「図解生成エージェント」（使用期限あり）
と超豪華になってます🔥

正直、有料で販売していいレベルなので、
かならず受け取ってくださいね！

次回は12/22(土) 21時 Day4「継続・集客するための仕組み」、
※この企画で一番大事な話をします🔥

Day5は全体のまとめなので、次回が実質最終回といっても過言ではありません！
2026年、人生変えたい方はぜひ参加お待ちしております！
（ワークがございますので、PCでのご参加推奨です！）

【重要なお願い】

本オープンチャットでの
トーク欄へのコメント送信はお控えください！

「分かりました」
「ありがとうございます」
等の挨拶メッセージも不要です！

▼ ご質問は全てこちらの専用LINEよりお問い合わせください。
https://utage-system.com/p/qHerRv5yhZHg

運営上の大切なメッセージが流れてしまわないよう、
皆様のご協力の程よろしくお願いいたします！""","""【課題提出400人突破】
5Daysチャレンジ企画のDay3、ご参加ありがとうございました！！

昨日もみなさんの熱量がすごくて、Q＆Aも長時間やってしまいました！！
回が進むごとに盛り上がりが増していくのが異常すぎて、驚いてます(笑)

すでに課題を提出してくださっている方、
素晴らしい行動力です。

Day3がちょうど折り返し地点なので、ここらへんから脱落する人が増えてきます！

皆さんも何かを三日坊主で辞めた経験ってありませんか？
でもDay3にリアルタイムで参加してくださった皆さんは継続できていますよね？
これが環境の力です！

アーカイブをご視聴される方も
ここで継続できるかで、大きな成果に繋がります。
一歩一歩着実に進んでいきましょう！！

Day3で皆さんはAIを使って記事作成まで完了したわけですが、
次回はDay4です。

【テーマ：継続するための仕組みができる！】

AIを使って作った渾身の商品。
売るためには集客が必要ですが、その工程を仕組み化していきます！

正直、一番といっていいほど大事なお話しをします！

【テーマ：継続するための仕組みができる！】
Day1からDay3の手順を実行し続ける、最小労力・最大成果の「仕組み」をDay4で完成させます。

・Day4：12/20(土) 21:00~
・Day5：12/22(月) 21:00~

この大型チャレンジ企画も残すところあと2日間となりました！
全ての日程に参加しなければ、あまり意味がありません。

今回の企画、正直にお伝えすると、次回開催のめどはありません。
後悔したくない人はついてきてください🔥""","""【Day3補足】０→１達成しましょう！有料記事設定＆中上級者用の更に高品質な記事を作る手順 

こちらをノートに記載しました。オプチャの右上のノートからご確認ください！
有料ノート販売＆売れたなどはノートへコメントください！""","""【今夜21時Day4スタート！！】

おはようございます、わどです！
いよいよDay4。今日はある意味、5日間で一番「残酷な真実」を話す日になります。

「いいノウハウを知ってるのに、なぜか稼げない」
「最初はやる気があるのに、三日坊主で終わる」

この原因、みなさんの意志が弱いからじゃありません。 原因は「環境」にあります。今夜21時、 みなさんの「当たり前」の基準を、 成功者レベルに強制的に書き換える方法を公開します。

正直、今日の話を聞くだけで、 明日からの行動スピードが劇的に変わるはずです。

今夜21時、絶対に遅れないでくださいね🔥

-------
と、ここでこっそり業務連絡

「Day3の商品作成ワーク、まだ出せてない...」 という方、いませんか？
実は今日のお昼12時から、 未提出の方のために【緊急・救済ライブ】を行います！！

⚠️私は今夜のDay4の準備に集中するため、この配信は不参加です⚠️

今回は信頼できる「運営メンバー」に託しました！彼もAI活用のプロフェッショナルです。 「一人じゃどうしても進まない」という方、 運営チームが優しく並走してサポートするので、 12時に通知をチェックしてください！

それでは、まずは今夜21時！ Day4でお会いしましょう！！""","""【緊急配信】Day3課題提出締切：本日15時！
まもなく12時より運営メンバーによる「作業会」始めます！！

こんにちは、運営チームです！
わどさんは今夜21時Day4のセミナー準備中のため、
代わって私たちがサポートします。

「Day3の課題がまだ出せてない」
「難しくて手が止まっている」

そんな方、安心してください。
私たちと一緒に作業して、サクッと終わらせてしまいましょう！ 
15時までに課題提出して、Day4みんなで参加しましょう！

▼ 会場はこちら（お気軽にご参加ください！😊） 
https://us06web.zoom.us/j/84920771043?pwd=nVdUoT3EHIMh23JbuVBOpGJBqn71GX.1 
ミーティング ID: 849 2077 1043
パスコード: 480050""","""【⚠️本日15時、課題締切！！】 
今夜21時のDay4に向けて、これだけは見てください！

こんにちは、わどです！
まず最初にお伝えしますが、Day3の課題提出締切は【本日15:00】までです！！

正直、提出状況を見て驚いています。 現時点で【554名】の方が課題を完了しています。みなさんの本気度、ガチで伝わってきてます。 本当にありがとうございます！！

まだ出せていない方、 あと2時間あります。554名の仲間に続いてください！

そして、今夜のDay4（環境設計）を 最高の結果にするために...

▼ 特別動画「Day3の振り返りとDay4の準備について」を公開します！
https://www.loom.com/share/1c43c3c2275b43f8ae049133f5fc1621

これをサクッと見るだけで、 今夜のセミナーの吸収率が段違いになります。必ずチェックしておいてください！

いま現在進行中で、課題未提出者向けに、運営メンバーによる作業会をしています！分からないことがあればこちらでご質問ください！

▼ 作業会の会場はこちら
https://us06web.zoom.us/j/84920771043?pwd=nVdUoT3EHIMh23JbuVBOpGJBqn71GX.1 
ミーティング ID: 849 2077 1043
パスコード: 480050

▼ Day3アーカイブで振り返りたい！という方はこちら
https://youtu.be/1Ms1TfGdLwY
必要なリンクはyoutube概要欄にあります。

それでは、15時までの課題提出、そして今夜21時、Day4でお待ちしています！！""","【⚠️課題締切まで１時間！】

先ほどのZoom作業会でも課題提出ありがとうございました！！作業会はみなさん課題提出できましたので、終了いたしました。

それでも提出できていないよという方、まだ諦めないでください。 15時の締切、今からでも間に合います。

時間がない人はこちらの「ハイライト」を見て、 サクッと課題を仕上げてください！！ここで止まったら、何も変わりません。Day4への切符、意地でも掴み取ってください🔥

▼ Day3アーカイブはこちら
https://youtu.be/1Ms1TfGdLwY 
（Day4までに振り返りしたい方！）

▼ DAY3 ワーク部分のハイライトはこちら
https://youtu.be/yYLAuHAf5l4 
（課題提出まで時間がない！ピンポイントで復習したい人へ）

＊必要なリンクはYoutube概要欄にございます。

▼ 特別動画「Day3の振り返りとDay4の準備について」
https://www.loom.com/share/1c43c3c2275b43f8ae049133f5fc1621

それでは今夜Day4でお待ちしております。みなさん楽しんでいきましょう！！","【⚠️課題締切まで30分！！】

これがラストチャンスです。

もう、迷ってる時間はありません。「ハイライト動画」を2倍速で見て、綺麗じゃなくても大丈夫なので提出してください！！まだギリギリ間に合います。

この5Daysチャレンジ企画、ここまで生き残ったみなさんの熱量は本物です。ここで脱落するの、あまりにももったいない！！

作業会終了から、いま【587名】の仲間が、すでにDay4への切符を手にしました。まだ座席は空いてるので、この飛行機にすぐ乗り込んでください。

▼ Day3アーカイブはこちら
https://youtu.be/1Ms1TfGdLwY 
（Day4までに振り返りしたい方！）

▼ DAY3 ワーク部分のハイライトはこちら
https://youtu.be/yYLAuHAf5l4 
（時間がない！ピンポイントで復習したい人へ）

＊必要なリンクはYoutube概要欄にございます。

▼ 特別動画「Day3の振り返りとDay4の準備について」
https://www.loom.com/share/1c43c3c2275b43f8ae049133f5fc1621

後悔しないように。15時に締め切ります。それでは今夜21時、Day4でお会いしましょう！！","""【今夜21時 Day4スタート！！】 

こんにちは、わどです。
みなさん、課題提出本当にお疲れ様でした！！

最終集計の結果... 提出者はなんと【632名】
正直、ここまで多くの人がついてきてくれるとは...。みなさんの「本気」に、私も震えてます。

で、今日は土曜日です。明日がお休みの方も多いはず。

なので今夜のDay4は、今回の5Days企画で、過去一番の盛り上がりを期待してます！！ （私も過去イチ、気合い入れて喋ります🔥）

━━━━━━━━━━━━

そして、もう一つ共有です！受講生の「まさおさん」からも、Day3の感想とこの企画へのコメントいただいているので、ぜひ受け取ってください！👇

━━━━━━━━━━━━

632名の選ばれし仲間たちへ。今夜のDay4（環境設計）は、これまでの学びを「継続」させるための極意を話します。

今夜21時、全員集合でお願いします！！🔥""","""【今夜21時 Day4スタート！！🔥】 @All 

みなさんこんばんは！わどです。
課題提出者632名！みなさんの本気、受け取りました。

Day3までで「武器」は揃いましたね。
でも、残酷な真実を言います。

「ノウハウを知っているだけじゃ、9割が続きません。」

なぜ多くの人が、稼げずに消えていくのか？今日はその「本当の理由」と、解決策である「環境設計」について話します。

土曜日の夜、過去最高の盛り上がりでいきましょう！！

━━━━━━━━━━━━
 ⏰ 時間 
━━━━━━━━━━━━ 
本日 21:00〜 
(開場 20:50)

━━━━━━━━━━━━ 
📍 テーマ
 ━━━━━━━━━━━━ 
一人じゃ続かない人のための 「環境設計」を完全公開

↓↓↓

・副業で9割が続かない「本当の理由」 
・「ノウハウだけでは不十分」という真実 
・意志力に頼らず、成功を自動化する「環境」の作り方

今日の内容を聞かないと、これまでの学びが全て無駄になります。

━━━━━━━━━━━━ 
✅ 参加方法 
━━━━━━━━━━━━ 
下記Zoomにて 
お待ちしています↓↓↓

https://us06web.zoom.us/j/85153419233?pwd=BbLGcgJKoQrkXTPbNBd7z0R3DarrD8.1 
ミーティング ID: 851 5341 9233 
パスコード: 887911 

━━━━━━━━━━━━""","""まもなく21時スタートです！！🔥

5Daysチャレンジ企画、Day4 今夜は「継続するための仕組み」ができる！！

会場はすぐ上にあるZoomリンクから！！""","""【個別面談予約100件超えました！！】

みなさん、Day4のご参加ありがとうございました！！土曜日の夜、過去最高の熱量でしたね！！🔥

講義でもお伝えしましたが、 「環境」を変えるのって、やっぱり勇気がいりますよね。でも、この企画で生き残っている人たちは、決断が早すぎる。

個別相談の申し込み通知が、本当に止まりません

「本気で人生変えたいです」
「わどさんの環境で学びたいです」

という熱いメッセージと共に、 ものすごい勢いで枠が埋まっていってます。正直、対応できる人数には限界があるので、 このペースだと【早期受付終了】する可能性もあります。

みんなこれだけ「本気」ってことです。この波に乗り遅れないでください。「話だけでも聞いてみたい」と思って迷っている間に、枠がなくなって終わる。これが一番もったいないです！！

みんな、最初は不安です。でも、勇気を出して飛び込んできてくれています。一人ではありません。ここにいる仲間の中から、すでに多くの方が一歩を踏み出しました。

次はあなたの番です。

みなさんの「理想」を、どうやって「現実」にするか。作戦会議をする感覚で、気軽に相談しに来てください！！

最高の環境と最高の仲間が、みなさんをお待ちしています！！""","""【速報】 Day4アーカイブ公開！！明日はついに... 

こんにちは、わどです！Day4は遅くまでありがとうございました！

現時点で課題提出者【353名】みなさん行動が早くて素晴らしいです！

「なぜノウハウがあっても9割が続かないのか？」
 その残酷な真実と、唯一の解決策である「環境」の話。
正直、このDay4が5日間で重要な回だったと断言できます。

「寝落ちして見逃した...」 「後半の案内、もう一度確認したい！」
という方のために、 Day4アーカイブを公開しました！！

みなさんお待たせしてごめんなさい！
視聴期限が来る前に、ご視聴くださいね。

▼ Day4アーカイブはこちら 
https://www.youtube.com/watch?v=k_jQyZgEmPs
*必要なリンクはYoutube概要欄にあります！

━━━━━━━━━━━━
⚠️個別相談の枠が埋まってきております
━━━━━━━━━━━━

動画内でもお話しした「環境」を手に入れるための個別相談ですが... 昨夜からたくさんのお申込みをいただいており、150件を超えています！

「本気で変わりたい」という熱いメッセージと共に、 土日や平日の夜枠が 【残りわずか】 になっています。

動画を見て「やばい、自分も環境を変えなきゃ」と思った方。迷っている間に席がなくなります。

みなさんの人生の「作戦会議」をする場です！！後悔したくない方は、枠があるうちにご予約を！！

━━━━━━━━━━━━ 
そして、明日はついにDay5！！ 
━━━━━━━━━━━━

明日はこれまでの5日間を統合する、 【総まとめ】の最終日です。

明日で、みなさんの新しい人生の「地図」が完成します。 完走特典もありますので、最後まで一緒に駆け抜けましょう！！🔥""","""【わどスク合同オフ会開催】

こんばんは、わどです！
本日はわどスクール合同オフ会を開催しています！

Day4でお話ししましたよね。 「一人では継続が難しい。環境が重要」であること。

その「答え」が、まさにこれです。

ここにいるメンバーも、最初はみんな 「自分にできるかな...」「一人で不安だな...」 と悩んでいた人たちでした。

でも、一歩踏み出してこの「環境」に入ったことで、今こうして、切磋琢磨できる最高の「仲間」と出会っています。

一人だと折れる心も、 仲間がいれば、当たり前に走り続けられる。

ネット上のつながりだけじゃなく、 こうしてリアルで語り合える仲間がいること。これが、私たちが最短で成果を出せる最大の「秘密」です。

まだ、一人で戦いますか？ 
それとも、この環境に入りますか？""","【超重要】 Day4の課題提出期限は本日15時までです！

こんにちは、わどです！
Day4の課題提出が本日15時までと迫ってきました！

現時点で【525名】の方にご提出いただいてます！

「なぜノウハウがあっても9割が続かないのか？」
 その残酷な真実と、唯一の解決策である「仕組みと環境」の話。
正直、このDay4が5日間で重要な回だったと断言できます！

5日間の企画も本日21時からのDay5で完全終了です！

60以上ある完走特典も、「全ての日程」の課題提出者限定となってますので、ここまでやってきたのに、ここで脱落するのは勿体ないです！！！

▼ Day4アーカイブはこちら 
https://www.youtube.com/watch?v=k_jQyZgEmPs
*必要なリンクはYoutube概要欄にあります！

━━━━━━━━━━━━
⚠️個別相談の枠が埋まってきております
━━━━━━━━━━━━

動画内でもお話しした、皆さん個別のロードマップを手に入れるための個別相談ですが... 
今もどんどんとお申し込みが増えていて
人生変えている人が続出してます！

迷っているうちに席が埋まってしまった、、、
なんて、後悔したくない方は、枠があるうちにご予約を！！

━━━━━━━━━━━━ 
そして、本日21時からはついにDay5！！ 
━━━━━━━━━━━━

明日はこれまでの5日間を統合する、 【総まとめ】の最終日です。

明日で、みなさんの新しい人生の「地図」が完成します。最後まで一緒に駆け抜けましょう！！🔥","【課題提出者：584名！】 

こんにちは、わどです。
みなさん課題提出、ありがとうございました！

なんと...
584名の方が提出してくれました🔥

今回はリマインドをあえてしていなかったのですが、ここまで提出者がいるとは...

みなさんが自分で考えて、行動できている証拠ですね！！

実はこれ、普通じゃない数字です。
世の中、「変わりたい」と思う人は10,000人いても、 実際に「行動」に移す人は100人もいないと言われています。

でも、皆さんはその壁を越えて、 課題を提出するという「行動」をしました。

この時点で、すでに上位数%の領域に入ってます。

実際、この「行動力」のある方々が一気に動き出した影響で、 案内している『個別面談』の予約も、急激に埋まり始めています。

「早く次のステージに行きたい」
「自分の状況に合わせた今後の方針を相談したい」

そうやって、未来を変えるための席を、すでに確保し始めている人がたくさんいるってことです。

この波に乗り遅れないでくださいね！！

そして... この5日間の集大成、
【Day5】がいよいよ
今夜21時から始まります。

課題提出で高まった熱量を、そのまま今夜ぶつけてください。Q&Aタイムも無限にやります！！

すべての伏線を回収し、 みなさんの人生を変える「構造」が完成する瞬間を、 絶対に見逃さないでほしい。

ここまで戦ってきた仲間と共に、 最高のフィナーレを迎えましょう。

今夜21時チャレンジ企画の最終日、Day5でお待ちしています！！","""【緊急連絡】
個別面談を300名で打ち切ります。

こんばんは、わどです。
チームで緊急会議を行いました。

結論から言います。

個別面談の予約に、
【上限】と【期限】を設けます。

質の低いアドバイスはしたくないので、心を鬼にして線引きさせてもらいます。

-------
🚨 制限事項
① 予約上限：先着300名まで
② 予約締切：12月25日 23:59まで 

面談実施は
年内までを想定しています。

面談の件で何か
お困りごとなどありましたら、
わど【特別企画】LINEから
ご相談ください。
-------

正直に言います。 
今、この瞬間も
枠は埋まり続けています。

今の悩みを抱えたまま、
来年を迎えるのか。 

それとも、
年内に「勝てる構造」を手に入れて、
最高の状態で2026年を迎えるのか。

12/25を過ぎるか、
300枠埋まったら即終了です。

一度きりで最後の企画です。
後悔のない選択をしてください！！

それでは今夜21時、
チャレンジ企画最終日、
Day5でお待ちしています！！🔥""","""【今夜21時 Day5スタート！！🔥】 

みなさんこんばんは！わどです。
ついに、この時が来ました。 

今夜21時、5Daysチャレンジ企画
最終回、開幕です！！

Day1からDay4まで、
みなさんは素晴らしい熱量で
ついてきてくれました。

ここまでついてきてくれて、
本当にありがとうございます！！

本日は、
これまでの４日間の内容振り返り、
みなさんの人生を変える
 「最強の仕組み、環境」を改めてお伝えします。

━━━━━━━━━━━━
 ⏰ 時間 
━━━━━━━━━━━━ 
本日 21:00〜 
(開場 20:50)

━━━━━━━━━━━━ 
📍 テーマ
 ━━━━━━━━━━━━ 
今夜、すべての伏線を回収します。

・一人で継続することが難しい理由
・最小労力で最大成果を出す方法

その答えのすべてを、
今夜ここに置いていきます。

超有益なQ&Aタイムも
体力に限界がくるまでやり切ります！

━━━━━━━━━━━━ 
✅ 参加方法 
━━━━━━━━━━━━ 
下記Zoomにて 
お待ちしています↓↓↓

https://us06web.zoom.us/j/85153419233?pwd=BbLGcgJKoQrkXTPbNBd7z0R3DarrD8.1 
ミーティング ID: 851 5341 9233 
パスコード: 887911 

━━━━━━━━━━━━""","""まもなく21時スタートです！！🔥

5Daysチャレンジ企画、最終回Day5 今夜は「労働者からAIを働かせる側へ」シフトチェンジ！！

会場はすぐ上にあるZoomから！！""","みなさん、たくさんの感想コメント本当にありがとうございます！！後ほどすべて読ませていただきますね！！
（運営陣、感動してます...）

5Daysチャレンジ企画、
最終回Day5参加はこちら！！
━━━━━━━━━━━━ 
https://us06web.zoom.us/j/85153419233?pwd=BbLGcgJKoQrkXTPbNBd7z0R3DarrD8.1
ミーティング ID: 851 5341 9233
パスコード: 887911 
━━━━━━━━━━━━","""【速報】
個別面談の予約、
勢いが止まりません！！

面談予約200件に迫ってます！！

募集は300件で打ち切ります！！
予約終了は12/26(金) 23:59まで

面談実施は年内までを想定しています。

ちなみに...

本日中に個別面談を予約完了した方
限定で、大人気の
『わど図解生成エージェント』
使用期限を【12/31 23:59まで延長】させていただきます。

「面談、どうしようかな...」
と迷っているなら、 
この特典を手に入れるためだけでも、予約する価値はあります。

ただし、【本日23:59まで】に予約完了した方のみの限定特典です。

明日になったら、
この権利は消滅します。

みなさん自身の
ロードマップ作成をして、
2026年ロケットスタートを
切りましょう！！🚀""","""【満席になったら終了します！】

個別面談の予約
【200名】を超えました！

今回の上限は「300名」になります。

つまり... 残りの席は、
もう【100枠】を切っています。 

このペースだと
今日と明日で満席になる
可能性があります。

後悔しないためにも、
面談予約をしておくこと推奨です！""","""【速報】
最終回Day5アーカイブ公開！！


5Daysチャレンジ最高のグランドフィナーレをありがとうございました！！みなさんと駆け抜けた5日間、私も本当に楽しかったです！！

参加してくれたみなさんの感想、
受講生からの熱いコメントも
ありがとうございます！！

🚨 重要なご案内 

① Day5 アーカイブ公開中
https://youtu.be/L-uCHiPVR78
*必要なリンクはYoutube概要欄にあります！

② 全ての課題提出者は完走特典の受け取りを忘れずに
（Day5の課題提出締切は12/23(火) 15時まで！） 

③ 個別面談：先着300名限定
（12/25 23:59予約締切）

個別面談もかなり枠が埋まってきておりますので、自分のロードマップを相談して作成したい！という方は、運営陣が真摯に対応させていただきます。

肩の力を抜いて、
リラックスしてご参加ください！

特別なご案内をさせていただきますので、オープンチャットはそのままご参加くださいね！""","""【重要】個別相談の受付期限と残り枠について 

こんにちは、わどです！
みなさん、5日間の熱狂、本当にお疲れ様でした！

セミナー終了後、予約が止まらず、現在【240名】が年内の人生設計を確定させています。

質の高い時間を提供するため、そして私の身体も一つのため、 「先着300名」で受付を完全に終了させていただきます。

泣いても笑っても、残り【60枠】です！

また、「Day5をまだ見れていない」「内容を復習してから決めたい」という声を多数いただいています。

オープンチャットの「大事なノート」に、これまでのアーカイブ動画をまとめています。

これを見れば、なぜ今、みなさんが「AIオーナー」へシフトすべきなのか、その全ての理由がわかります。

ただし、アーカイブをゆっくり見ている間に、 先着300名の枠が埋まってしまう可能性が非常に高いです。

■受付期限：12/25(木) 23:59まで 
（※ただし、300名に達し次第、予告なく終了します）

みなさんが迷っている時間は、チャンスが消えていく時間です。

2026年を「勝てる年」にしたい方は、アーカイブを確認し、枠を確保してください。

面談緊張する！という方もいらっしゃるのですが、みなさんに寄り添って今後の方向性を一緒に考えていく場です。

肩の力を抜いてリラックスしてご参加くださいね！""","""メリークリスマス！🎄✨

世間はクリスマス一色ですが、皆さんいかがお過ごしでしょうか？

街が華やぐ中、私は今日、朝から晩までノンストップでZoomをつないでいます。

「今日しか時間が取れなくて…」と必死に申し込んでくれた会社員の方。

「来年のクリスマスは、絶対に心から笑って過ごしたい」と目に力を込めて相談に来た方。

今日、私と話している皆さんは、本当に本気です！！

ケーキやチキンを囲む時間も素敵ですが、 「自分の将来への投資」以上に価値あるクリスマスプレゼントはない。

私は、面談で皆さんの熱い想いに触れながら、そう確信しています。

1年あれば、人生は劇的に、大きく変えられます！！

面談予約ですが、すでに【250名以上】が予約完了しており、先着300名の枠は、残り【50枠】を切りました。

来年の今日、あなたはどこで、どんな景色を見ていたいですか？

 「あの時、決断してよかった」と自分を褒めたい方は、今すぐ席を確保してください！！

■受付期限：12/25(金) 23:59まで 
（※先着300名に達し次第、即終了となります）

「まだDay5の内容を見れていない」という方は、【大事なノート】からアーカイブを今すぐチェックしてください。

動画を見終わる頃に枠が残っている保証はありません。今、この瞬間の決断が未来を変えます！！""","【面談参加者からの嬉しい感想！】

こんばんは、わどです！

個別面談の予約が殺到する中で、参加者の方から、「嬉しいメッセージ」をいただきましたのでご紹介します。

（添付画像を見てみてください！）

正直、これを読んだ時、 「あぁ、伝わってよかった」と心から思いました。

この方は勇気を出して参加してくれて、 結果的に「運営の熱意」や「ワクワク感」を受け取ってくれました。

もう一度言いますね。

この個別面談は、「みなさんの人生の最適解（構造）を一緒に探す場」です。

遠慮なんて、一番いらないコストです。みなさんの人生を変えるために、私たちの時間を使ってください。

ただし...
枠は刻一刻と埋まっています。 
（残り枠、本当に少なくなってきました）

勇気を出して飛び込んできてください。 絶対に後悔させません！🔥","""【予約締切まで、あと12時間！】 

メリークリスマス！わどです。

いよいよ、個別面談の受付最終日を迎えました。

現在、予約数は【260名】を超えました。300名の定員まで、残り「40枠」を切っています。

本日12/25(木) 23:59に受付終了です。300枠が埋まり次第、この案内も終了します。

2026年、AIを相棒にして突き抜けたい方は、今すぐ最後の枠を掴み取ってください！

※まだDay5を見ていない方は、「大事なノート」からアーカイブを視聴してお申し込みください。

課題提出いただいていなければ、面談ができないことも併せてご了承ください。""","""【予約締切まで、あと9時間！】

こんにちは、わどです。
いよいよ、人生を変える個別相談の受付が残り「9時間」となりました。

現在、予約数は【260名】を超えました。300名の定員まで、残り「40枠」を切っています。

泣いても笑っても、本日12/25(木) 23:59に受付終了です。300枠が埋まり次第、この案内も終了します。

すでに覚悟を決め、4期生として一足先にスタートを切ったメンバーを数名紹介します！！

※まだDay5を見ていない方は、「大事なノート」からアーカイブを視聴してお申し込みください。課題提出いただいていなければ、面談ができないこともご了承ください。""","""【予約締切まで、あと6時間！】

こんばんは、わどです。
個別面談の受付終了まで、いよいよ残り「6時間」です！！

このメッセージを読んでいる間にも、1枠、また1枠と埋まり続けています。

4期生になる決意を固めた方からも 
「最後に勇気を出して良かったです。これで安心して年を越せます！」 
という熱いメッセージをいただきました。

来年の今頃、 「あの時、一歩踏み出したから今がある」と笑っているか。

「また今年も、何も変わらない一年だった」と後悔しているか。

その分岐点は、
いまこの瞬間にあります。

2026年を劇的に変えたい方は、
最後の枠に滑り込んでください！""","""【予約締切まで、あと3時間！！】
共に歩む仲間へ

こんばんは、わどです。
本日23:59、個別面談の受付を【完全に終了】します！！

まずは、この5日間の企画に最後まで付いてきてくださった皆さんに、心から感謝を伝えさせてください。

本当にありがとうございました！！

「AIを使って人生を変えたい」 そんな私のわがままな熱意に応えるように、本当に多くの方が集まってくれました。

この5日間で、同じ志を持つ最高の仲間がこれほど増えたこと、これほど心強いことはありません。

皆さんの本気を感じるたびに、私自身も「絶対に全員を引き上げる」と、覚悟がより一層強くなっています。

「2026年、本気で人生を変える」

その決意があるのなら、個別相談にぜひきてください。その一歩が、1年後のあなたを救う手段です。

最高の仲間として、お会いできるのを楽しみにしています！！""","""【大猛省】個別相談の予約期間を延長します！！ 

こんにちは、わどです。

直近で個別相談に参加してくださった方々、 熱い時間をありがとうございました。

そして、その中で「覚悟」を決めて、新たに『わどスクール4期生』として仲間になった方々、これからよろしくお願いします！！

で、ここからが本題です。 

まだ面談の予約ができていない皆様に、謝らなければなりません。

12月25日（クリスマス）を個別相談の「締め切り」にしていましたが... 
これ、私の完全な「配慮不足」でした。

問い合わせやDMを見て、 ハッとしたんです。

「昨日は家族サービスで、スマホを見る時間がありませんでした...」 
「残業とクリスマスの用事で、気づいたら終わってました」 

...そりゃそうだよな、って話です。
なので、私のミスを認め、責任を取ります。

【面談予約の救済措置】を用意しました！！

🎁 救済措置の内容

① 枠の追加：限定20名 
※スケジュールの限界までこじ開けました。

② 期限の延長：12/29 (月) 23:59まで
※追加の20枠が埋まり次第、終了します！

オープンチャットの右上（≡マーク）にある『ノート』から、 アーカイブ動画が確認できますので、まだ視聴されていない方は視聴をした上でお申し込みください！！

※完走特典の配布については、告知通り締め切っておりますので、ご了承ください🙇‍♂️

提出してくれた課題へのフィードバック（FB）は、順次行っておりますので、お待ちいただけるとありがたいです。

4期生と共に走るためのチケット、今度こそ確実に受け取ってくださいね！！""","""【予約締切：12/29(月) 23:59まで】 

みなさんこんばんは、わどです！

今回のイベントに最後まで本気で参加してくださった皆さん、 そして既に4期生として一歩を踏み出した皆さん、 本当にありがとうございます！

25日で一度受付を締め切ったのですが、「どうしても都合が合わなかった」「諦めたくない」 という切実な声を多くいただきました。

そこで、今回特別に
【12月29日(月) 23:59】まで個別相談の最終受付を延長しています！

なぜ、実績がない人ほど今相談に来るべきなのか？

その真意をボイスに込めたので、迷っている人はぜひ聞いてみてください。""","""【本日最終！個別相談の予約締切】

こんにちは、わどです！

私の配慮不足から設けた「救済措置」ですが、 約束通り、【本日23:59】ですべて終了します。

追加した30枠も、 気づけば【残り数席】になってしまいました。 

最後に、一つだけ。

環境がない限り、現実を変えることは難しいです。それは今回の企画で皆さんに理解してもらいました。

後悔したくない人は、
置いていかれないでください。

これが、私が手を差し伸べられる
物理的なラストチャンスです。

次の募集は、いつになるか分かりません。今回が最後になる可能性もあります。

やるか、やらないか。 
決めるのは、今この瞬間です。""","【特別開催】 5Daysチャレンジ企画 Day6 総集編を開催します！！ 

あけましておめでとうございます！
わどです。

みなさんに正直に聞きます。

「今年こそ副業やるぞ」と決めたのに、 仕事が始まって、心が折れかけてませんか？

「忙しくて動画見る時間がない」 
「やっぱり自分には無理かも...」

またいつもの日常に戻ろうとしているなら、 ちょっと待ってください。

みなさんの熱い要望にお応えして、
【5Daysチャレンジ企画 Day6 総集編】 の開催を決定しました！！

📅 日時:1月10日(土) 21:00〜23:00

これ、ただの復習じゃありません。 

本来なら5日間かかる、
「AI副業の全貌（強み×商品×集客）」
 【2時間】に圧縮して叩き込みます。

・5日間の動画を見る時間がない 
・要点だけサクッと知りたい 
・最短ルートで一気に追いつきたい

そんな「効率重視」のみなさんのための企画です。 （もちろん参加無料！）

この3連休が、周りに追いつき、
追い越すラストチャンス。

「時間がない」を言い訳にせず、
たった2時間で、勝つための構造を手に入れてください。

参加希望の方は、以下のフォームから
忘れないうちに登録を済ませておいてくださいね！👇
https://utage-system.com/page/WsHHQOFp4JeZ","""【総集編Day6 残り17枠】

こんばんは、わどです！
Day6総集編、参加登録の勢いがすごい

通知を見て確認しましたが、
【残り17枠】しかありません。

本来5日間かかる内容を、 2時間に圧縮して「構造」ごとインストールする。 

まさに「最短ルート」を求める人たちが殺到中！！

応募の締め切りまで、 
あと【27時間】です！！

が、正直に言うと、 時間の締切が来る前に、物理的に枠が埋まって終了する可能性が高いです。

「迷ってたら埋まってた」 
これが一番もったいないパターン。

効率よく勝ちたいなら、 今のうちに席だけは確保しておいてくださいね

https://utage-system.com/page/WsHHQOFp4JeZ""","【予約締切まであと5時間】

こんばんは、わどです！
緊急連絡です。応募締切まで、あと5時間を切りました！

ですが...想定外の事態が起きました。 
参加登録のペースが早すぎて、用意していた枠が完全にパンクしました。

「参加したいのにできない！」 という問い合わせが殺到したので、 運営チームと調整して、【100枠】だけ特別に追加しました。

が、報告します。その追加枠も一瞬で埋まり始め、 現時点で【残り45枠】しかありません！！

正直、時間の締切（5時間後）を待たずに、 物理的に枠が消滅して終了するペースです。

本来5日間かかる「AI副業の全貌」を、たった2時間に圧縮してインストールする。

これこそ、「最小労力で最大成果」を得るための最適解です。

迷っている間に、45枠はカウントダウンで減っていきます。

後悔しないように、 席がある今のうちに確保だけは済ませておいてください！！急げー！！","""【総集編、今夜21時スタート！！】 

こんにちは、わどです！
みなさん参加登録、ありがとうございます。

集計を見たら...なんと292名🔥
この熱量、正直最高です！！

で、開始前にひとつだけ
超重要な注意点があります。

今夜21時からの参加URLですが... 
ここのオープンチャットには届きません。

参加登録いただいた
【ご案内専用のLINE】の方に
視聴URLを送っていますので、
そちらのLINEを確認してください。

「ずっと待ってたのに始まらない」 というのが、一番もったいない「機会損失」なので！

今夜21時に集合してくださいね！

https://utage-system.com/page/WsHHQOFp4JeZ""","""【このあと21時、総集編スタート！】

こんばんは、わどです。
今夜21時、チャレンジ企画の総集編です！

チャレンジ企画を完走した人も、
忙しくて参加できなかった人も。

この2時間で、
 「AI副業で成功するための仕組み」を
一気にインストールして、人生を大きく変えるきっかけにしましょう！！

準備はできていますか？

21時にお会いしましょう！！""","【チャレンジ企画、総集編終了！】 

こんばんは、わどです。

昨日は総集編、そして延長戦のQ&Aタイム。遅い時間までご参加いただき本当にありがとうございました！

コメント欄の流れるスピードに、
皆さんの「本気」を感じました🔥

これで、武器は揃ったわけです。

 「知らない」という言い訳は、
もうできません。

あとはその武器を使って、
 「行動」するか、しないか。

それだけで、2026年の景色は
180度変わります。

手に入れた「地図」を握りしめて、 一気に走り出しましょう！！

・・・

⚠️ 最後に一つだけ重要な連絡です。

今参加している「オープンチャット」ですが、 抜けずにそのままにしておいてください。

実は近々、このオプチャ限定で 「新しい案内」を公開する予定です。

せっかく手に入れた「基準値の高い環境」。 ここで抜けて情報を遮断してしまうのは、 構造的に見て、非常にもったいない「損失」です。

またすぐに、面白い情報を流します。 楽しみにしていてください。

脳みそフル回転で疲れたと思うので、 ゆっくり休んでくださいね。

本当にお疲れ様でした！ 
そして、ありがとうございました！！","こんばんは、わどです！
セミナーのお知らせ🐏

1/22(木) 21時〜
「Cowork完全攻略セミナー」やります！

「頑張ってるのに仕事が終わらない…」
それ、能力のせいじゃないです。

""""戦い方""""が古いだけ。

非エンジニアでも、
マウス操作だけで自動化の仕組みが作れる時代。
その中心が「Cowork」です。

60分で働き方のOSをアップデートします。
時代に取り残されたくない人、ぜひ！

⭕️無料・先着100名👇
https://wado-unionai-cowork.peatix.com/

⭕️note解説記事（ターミナル恐怖症でもOK！Anthropic新機能「Cowork」でClaude Codeデビューする方法）👇
https://note.com/wad0427/n/n05f5a6dc2b83""","【見逃し厳禁】先日公開したCoworkセミナー、一瞬で100枠埋まりました

「参加したかった」という声が
多すぎるので、急遽【50枠】だけ
追加します！

Coworkの本質は
「AIによるPC操作の完全代行」

Claude Codeの裏側の高度な処理を、
いつものチャット感覚で
デスクトップから指示できる

・複雑なスライド構成 
・膨大なドキュメント整理 
・泥臭いリサーチ

これら実務の「構造」が
ガラッと変わる

「コードを書く」時代から
「PC仕事を任せる」時代へ

1/22(木) 21:00〜22:00 
この追加枠も、物理的に
数時間で埋まってしまいます

2026年の「仕事の定義」、
書き換えに来てください！","【満席御礼: 本日21:00スタート！】

こんばんは！わどです。

「Cowork完全攻略ガイド」
今夜21時、いよいよ始まります。 

200名の参加枠は全て埋まりました！
参加登録いただいた方ありがとうございました！

でもここで勘違いしないでください。

「申し込んだ」だけでは、
現実は変わりません。

今日、会場に足を運び、
新しい働き方の「構造」を
インストールした瞬間、
初めて価値が生まれます。

📅 参加のご案内
● 開始：21:00〜（開場：20:50〜）
● 場所：Zoom

※参加URLは、お申し込み時の
【メール】に届いています。

せっかく勝ち取ったその席、
無駄にしないでください！

PC作業の常識、
今夜たった1時間で書き換えます。

みなさん準備はいいですか？"
画像,,,,,,,,,,,,,,,,,,,,,,,,,,,,,,,,,,,,,,,,,,,,,,,,,,,,,,,,,,,,,,,,,,,,,,,,,,,,,,,,,,,,
作成チャット,,https://claude.ai/chat/f21c22ba-2a52-446b-8834-9dba3f99340b,https://claude.ai/chat/2b518d31-8c27-4f63-9635-078095d384a4,,https://claude.ai/chat/f21c22ba-2a52-446b-8834-9dba3f99340b,https://claude.ai/chat/f21c22ba-2a52-446b-8834-9dba3f99340b,https://claude.ai/chat/2b518d31-8c27-4f63-9635-078095d384a4,https://claude.ai/chat/9ba730ad-1867-4432-873a-c95e7d3a724e,https://docs.google.com/spreadsheets/d/18Mvqa18YgwSJ-auCsLpJ87dPflBYU5sp/edit?gid=1467003829#gid=1467003829,,https://claude.ai/chat/dd32f4c0-dc9f-467d-ba72-70d653eb5f40,https://claude.ai/chat/dd32f4c0-dc9f-467d-ba72-70d653eb5f40,,,https://claude.ai/chat/3407478e-440e-4e2b-8727-b877f7aa4118,https://claude.ai/chat/3407478e-440e-4e2b-8727-b877f7aa4118,,https://claude.ai/chat/bb9a7f7e-1d7a-4f20-8e6b-92ba41643073,,,,,,,,,,,,,,,,,,,,,,,,,,,,,,,,,,,,,,,,,,,,,,,,,,,,,,,,,,,,,,,,,,こんばんは！わどです。
,,,,,,,,,,,,,,,,,,,,,,,,,,,,,,,,,,,,,,,,,,,,,,,,,,,,,,,,,,,,,,,,,,,,,,,,,,,,,,,,,,,,
セミナー当日オプチャ実況,,,,,,,,,,,,,,,,,,,,,,,,,,,,,,,,,,,,,,,,,,,,,,,,,,,,,,,,,,,,,,,,,,,,,,,,,,,,,,,,,,,,「Cowork完全攻略ガイド」
"投稿
タイミング",開始30分前,開始10分前,セミナー開始,セミナー開始3分後,セミナー開始5分後,開始10分,P55くらい,P86くらい,P105くらい,参加人数に応じて,ワーク開始前P140くらい,,,,,,,,,,,,,,,,,,,,,,,,,,,,,,,,,,,,,,,,,,,,,,,,,,,,,,,,,,,,,,,,,,,,,,,,,今夜21時、いよいよ始まります。
投稿内容,"いよいよ30分後スタートです！
ここにいる皆さん全員で人生変えましょう🔥
参加はこちらから！
↓↓↓
https://us06web.zoom.us/j/85153419233?pwd=BbLGcgJKoQrkXTPbNBd7z0R3DarrD8.1","開始10分前です！
準備は整ってますか？
こちらでお待ちしてます！

↓↓↓
https://us06web.zoom.us/j/85153419233?pwd=BbLGcgJKoQrkXTPbNBd7z0R3DarrD8.1

ミーティング ID: 851 5341 9233
パスコード: 887911","@all
Day1スタートです！

↓↓↓
https://us06web.zoom.us/j/85153419233?pwd=BbLGcgJKoQrkXTPbNBd7z0R3DarrD8.1

ミーティング ID: 851 5341 9233
パスコード: 887911","Day1始まったばかりなので、

まだ入れていない人もぜひ聞きにきてください✨

↓↓↓
https://us06web.zoom.us/j/85153419233?pwd=BbLGcgJKoQrkXTPbNBd7z0R3DarrD8.1","リンクから入室が出来ない人はこちらをZoomに入力してご参加ください☘️

↓↓↓
ミーティング ID: 851 5341 9233
パスコード: 887911","参加者みなさんのリアクション数が想像以上。

「何から始めたらいいか分からない」

これに共感する人がこんなにいるって、やっぱり正しい悩みなんですよね。

まだ間に合います！

↓↓↓
https://us06web.zoom.us/j/85153419233?pwd=BbLGcgJKoQrkXTPbNBd7z0R3DarrD8.1","今この波に乗れないのはやばいです.....

なぜ、今AI×コンテンツ販売がアツいのか？
それを全て公開しています！！🤩

その一部を少しお伝えすると、、、

✅AIでコンテンツ作成時間が1/3に短縮できる
✅「挫折経験」がそのまま売れる素材になる

つまり、時間がない会社員、
子育てに忙しいママでも
""自分の経験""を収入に変えられる時代が来てる🔥

セミナーでは実際の受講生がどうやって
月10万〜100万を達成したか、
具体的な内容なども解説しているので、

少しでも興味がある人はぜひ、聞いていってください！！

↓↓↓
https://us06web.zoom.us/j/85153419233?pwd=BbLGcgJKoQrkXTPbNBd7z0R3DarrD8.1","※AI副業未経験から月収100万を達成している方もいます！！

Day1セミナー始まってます！！

✅子どもの「やりたい」に即答したい人
✅値段を気にせず買い物できる生活を送りたい人
✅会社を辞める選択肢がある心の余裕を持ちたい人

ひとつでも当てはまる人はぜひ、セミナーにご参加ください！
人生が変わるきっかけをお届けします✨

セミナー参加はこちら👇👇👇
https://us06web.zoom.us/j/85153419233?pwd=BbLGcgJKoQrkXTPbNBd7z0R3DarrD8.1","【AIマネタイズで挫折した経験ありませんか？】

AIマネタイズはなぜ挫折してしまう人が多いのか

実は、独学の90％は挫折してしまうのが真実です

その理由は何だと思いますか？🤔

正解は....「ノウハウだけ集める」という間違った学習をしているからなんです。

じゃあ、どんな勉強方法が挫折しないの？

これは5Days内で話すので気になる方は今すぐ参加してください！

セミナー参加はこちらから
↓↓↓
https://us06web.zoom.us/j/85153419233?pwd=BbLGcgJKoQrkXTPbNBd7z0R3DarrD8.1","参加者○○人突破しました！

この波、乗らないのはもったいない。

みんな動き出してる。
5日後には別人になってる人が○○人いるってこと。

乗り遅れないで👇
https://us06web.zoom.us/j/85153419233?pwd=BbLGcgJKoQrkXTPbNBd7z0R3DarrD8.1","この後すぐワークスタートします。

自分の強みを""売れる素材""に変える
自己分析ワーク。

ここから参加しても全然OK。
今すぐ来てください👇
https://us06web.zoom.us/j/85153419233?pwd=BbLGcgJKoQrkXTPbNBd7z0R3DarrD8.1

ミーティング ID: 851 5341 9233
パスコード: 887911",,,,,,,,,,,,,,,,,,,,,,,,,,,,,,,,,,,,,,,,,,,,,,,,,,,,,,,,,,,,,,,,,,,,,,,,,
,,,,,,,,,,,,,,,,,,,,,,,,,,,,,,,,,,,,,,,,,,,,,,,,,,,,,,,,,,,,,,,,,,,,,,,,,,,,,,,,,,,,200名の参加枠は全て埋まりました！
セミナー中のコメントで配布リンク,,,,,,,,,,,,,,,,,,,,,,,,,,,,,,,,,,,,,,,,,,,,,,,,,,,,,,,,,,,,,,,,,,,,,,,,,,,,,,,,,,,,参加登録いただいた方ありがとうございました！
"投稿
タイミング",P149,P173,P177,P228,P232,最後,,,,,,,,,,,,,,,,,,,,,,,,,,,,,,,,,,,,,,,,,,,,,,,,,,,,,,,,,,,,,,,,,,,,,,,,,,,,,,
投稿内容,"自己分析用AIツールはこちら
↓↓↓
https://gemini.google.com/gem/1PcyU1fBwhxWCa0QyPrcNmV7eN45RFJLP?usp=sharing

魔法のプロンプト(note)
↓↓↓
https://note.com/preview/n124625ba60a0?prev_access_key=11f89836a191469baa2d1ed49ea58f1c

わど式note記事自動生成AIエージェント！完全ガイド
https://note.com/preview/n1b108f7d7573?prev_access_key=84610524cf78d337c0197e74ecc520cf

【Day3セミナー参加者・課題提出者限定・⚠️12/22 23:59までの使用期限あり】思考を「一瞬」で図解にする。Googleの最新AI「Nano Banana Pro」を搭載した「わど図解生成AIエージェント」を完全解説
https://note.com/preview/n52837650a921?prev_access_key=9dd1a902ba2d71e25debf0e8d04cb460

Xポスト案作成
https://gemini.google.com/gem/1z2fPVWE7QYHz4Z_W22haXUOaZgMtplHV?usp=sharing","Canvaの課題シートはこちら
↓↓↓

https://www.canva.com/design/DAG7eJei5Xo/memJrR0KstTiZ4puFeOjhw/edit?utm_content=DAG7eJei5Xo&utm_campaign=designshare&utm_medium=link2&utm_source=sharebutton


※コピーすること、最初のものはリードオンリー
※コピーできない場合はログインできていない、Googleアカウントでログイン
※テキストの枠をダブルクリックしてから、コピペする","課題提出用フォームはこちら
↓↓↓
https://utage-system.com/p/gUzp7STK0cYV","Canvaの課題シートはこちら
↓↓↓

https://www.canva.com/design/DAG7eJei5Xo/memJrR0KstTiZ4puFeOjhw/edit?utm_content=DAG7eJei5Xo&utm_campaign=designshare&utm_medium=link2&utm_source=sharebutton


※コピーすること、最初のものはリードオンリー
※コピーできない場合はログインできていない、Googleアカウントでログイン
※テキストの枠をダブルクリックしてから、コピペする

課題提出用フォームはこちら
↓↓↓
https://utage-system.com/p/4FFI0iOULRz5

ご不明な点がある場合はお問合せ用LINEにご連絡ください。
お問い合わせ用LINEはこちら
↓↓↓
https://utage-system.com/p/qHerRv5yhZHg","Day4ワーク用
Xポスト案作成
https://gemini.google.com/gem/1z2fPVWE7QYHz4Z_W22haXUOaZgMtplHV?usp=sharing

Day4課題提出先
https://utage-system.com/p/gUzp7STK0cYV

引用リポスト（day4の感想）
https://x.com/wad0427/status/2000747960590852466?s=20

Canva課題提出用テンプレート
＊Day1、Day2、Day3と同じリンクでご提出ください
https://www.canva.com/ 
┗こちらから、プロジェクトファイルにあるday1データを確認

お問合せLINE
＊個別のご相談
https://utage-system.com/line/open/F1KejMIXeUeO","個別相談会（ロードマップ作成会）
https://bit.ly/4awEG09","お問い合わせ用LINEはこちら
↓↓↓
https://utage-system.com/p/qHerRv5yhZHg",,,,,,,,,,,,,,,,,,,,,,,,,,,,,,,,,,,,,,,,,,,,,,,,,,,,,,,,,,,,,,,,,,,,,,,,,,,,,でもここで勘違いしないでください。
,,,,"個別相談LINEにお問い合わせください！
↓↓↓
https://utage-system.com/p/qHerRv5yhZHg","個別相談会（ロードマップ作成会）
https://bit.ly/4awEG09",,,,,,,,,,,,,,,,,,,,,,,,,,,,,,,,,,,,,,,,,,,,,,,,,,,,,,,,,,,,,,,,,,,,,,,,,,,,,,,
,"▼ Day1アーカイブはこちら
https://youtu.be/t-_ebw4Ei40","▼ Day2アーカイブはこちら
https://www.youtube.com/watch?v=QhplCwksXL0","▼ Day3アーカイブはこちら
https://youtu.be/1Ms1TfGdLwY
必要なリンクはyoutube概要欄にあります。",,,,,,,,,,,,,,,,,,,,,,,,,,,,,,,,,,,,,,,,,,,,,,,,,,,,,,,,,,,,,,,,,,,,,,,,,,,,,,,,,「申し込んだ」だけでは、
,,,"▼DAY3　ワーク部分のハイライトはこちら
https://youtu.be/yYLAuHAf5l4",,,,,,,,,,,,,,,,,,,,,,,,,,,,,,,,,,,,,,,,,,,,,,,,,,,,,,,,,,,,,,,,,,,,,,,,,,,,,,,,,現実は変わりません。
,,,,,,,,,,,,,,,,,,,,,,,,,,,,,,,,,,,,,,,,,,,,,,,,,,,,,,,,,,,,,,,,,,,,,,,,,,,,,,,,,,,,
,,,,,,,,,,,,,,,,,,,,,,,,,,,,,,,,,,,,,,,,,,,,,,,,,,,,,,,,,,,,,,,,,,,,,,,,,,,,,,,,,,,,今日、会場に足を運び、
,,,,,,,,,,,,,,,,,,,,,,,,,,,,,,,,,,,,,,,,,,,,,,,,,,,,,,,,,,,,,,,,,,,,,,,,,,,,,,,,,,,,新しい働き方の「構造」を
,,,,,,,,,,,,,,,,,,,,,,,,,,,,,,,,,,,,,,,,,,,,,,,,,,,,,,,,,,,,,,,,,,,,,,,,,,,,,,,,,,,,インストールした瞬間、
,,,,,,,,,,,,,,,,,,,,,,,,,,,,,,,,,,,,,,,,,,,,,,,,,,,,,,,,,,,,,,,,,,,,,,,,,,,,,,,,,,,,初めて価値が生まれます。
,,,,,,,,,,,,,,,,,,,,,,,,,,,,,,,,,,,,,,,,,,,,,,,,,,,,,,,,,,,,,,,,,,,,,,,,,,,,,,,,,,,,
,,,,,,,,,,,,,,,,,,,,,,,,,,,,,,,,,,,,,,,,,,,,,,,,,,,,,,,,,,,,,,,,,,,,,,,,,,,,,,,,,,,,📅 参加のご案内
,,,,,,,,,,,,,,,,,,,,,,,,,,,,,,,,,,,,,,,,,,,,,,,,,,,,,,,,,,,,,,,,,,,,,,,,,,,,,,,,,,,,● 開始：21:00〜（開場：20:50〜）
,,,,,,,,,,,,,,,,,,,,,,,,,,,,,,,,,,,,,,,,,,,,,,,,,,,,,,,,,,,,,,,,,,,,,,,,,,,,,,,,,,,,● 場所：Zoom
,,,,,,,,,,,,,,,,,,,,,,,,,,,,,,,,,,,,,,,,,,,,,,,,,,,,,,,,,,,,,,,,,,,,,,,,,,,,,,,,,,,,
,,,,,,,,,,,,,,,,,,,,,,,,,,,,,,,,,,,,,,,,,,,,,,,,,,,,,,,,,,,,,,,,,,,,,,,,,,,,,,,,,,,,※参加URLは、お申し込み時の
,,,,,,,,,,,,,,,,,,,,,,,,,,,,,,,,,,,,,,,,,,,,,,,,,,,,,,,,,,,,,,,,,,,,,,,,,,,,,,,,,,,,【メール】に届いています。
,,,,,,,,,,,,,,,,,,,,,,,,,,,,,,,,,,,,,,,,,,,,,,,,,,,,,,,,,,,,,,,,,,,,,,,,,,,,,,,,,,,,
,,,,,,,,,,,,,,,,,,,,,,,,,,,,,,,,,,,,,,,,,,,,,,,,,,,,,,,,,,,,,,,,,,,,,,,,,,,,,,,,,,,,せっかく勝ち取ったその席、
,,,,,,,,,,,,,,,,,,,,,,,,,,,,,,,,,,,,,,,,,,,,,,,,,,,,,,,,,,,,,,,,,,,,,,,,,,,,,,,,,,,,無駄にしないでください！
,,,,,,,,,,,,,,,,,,,,,,,,,,,,,,,,,,,,,,,,,,,,,,,,,,,,,,,,,,,,,,,,,,,,,,,,,,,,,,,,,,,,
,,,,,,,,,,,,,,,,,,,,,,,,,,,,,,,,,,,,,,,,,,,,,,,,,,,,,,,,,,,,,,,,,,,,,,,,,,,,,,,,,,,,PC作業の常識、
,,,,,,,,,,,,,,,,,,,,,,,,,,,,,,,,,,,,,,,,,,,,,,,,,,,,,,,,,,,,,,,,,,,,,,,,,,,,,,,,,,,,今夜たった1時間で書き換えます。
,,,,,,,,,,,,,,,,,,,,,,,,,,,,,,,,,,,,,,,,,,,,,,,,,,,,,,,,,,,,,,,,,,,,,,,,,,,,,,,,,,,,
,,,,,,,,,,,,,,,,,,,,,,,,,,,,,,,,,,,,,,,,,,,,,,,,,,,,,,,,,,,,,,,,,,,,,,,,,,,,,,,,,,,,みなさん準備はいいですか？